,gid,domain,pairtype,ev_diff,L_id,L_x1,L_x2,L_x3,L_p1,L_p2,L_p3,L_ev,L_ev_var,H_id,H_x1,H_x2,H_x3,H_p1,H_p2,H_p3,H_ev,H_ev_var,prop_H_all,prop_H_all_old,prop_H_all_yng,prop_H_g1,prop_H_g1_old,prop_H_g1_yng,prop_H_g2,prop_H_g2_old,prop_H_g2_yng,ss_all,ss_all_old,ss_all_yng,ss_med_all,ss_med_old,ss_med_yng,ss_g1,ss_g1_old,ss_g1_yng,ss_g2,ss_g2_old,ss_g2_yng,sf_all,sf_all_old,sf_all_yng,sf_g1,sf_g1_old,sf_g1_yng,sf_g2,sf_g2_old,sf_g2_yng
78,S16G1,gain,HH-LL,0.709473684211,45.0,3.0,13.0,18.0,0.8,0.168421052632,0.031578947368,5.15789473684,18.882704597,41.0,1.0,23.0,18.0,0.74,0.08947368421,0.170526315789,5.86736842105,67.3562152134,0.507246376812,0.542857142857,0.470588235294,0.642857142857,0.857142857143,0.428571428571,0.472727272727,0.464285714286,0.481481481481,31.2428571429,29.5714285714,32.9142857143,22.5,17.0,24.0,19.5714285714,17.5714285714,21.5714285714,34.1607142857,32.5714285714,35.75,0.268331927417,0.317889548099,0.218774306734,0.920100732601,0.989010989011,0.85119047619,0.105389726121,0.150109187871,0.06067026437
24,S13G1,gain,HH-LL,0.815789473684,40.0,5.0,1.0,18.0,0.8,0.147368421053,0.052631578947,5.09473684211,10.8998144712,27.0,2.0,24.0,0.0,0.65,0.192105263158,0.157894736842,5.91052631579,79.5859457185,0.347826086957,0.323529411765,0.371428571429,0.571428571429,0.571428571429,0.571428571429,0.290909090909,0.259259259259,0.321428571429,27.1571428571,22.4571428571,31.8571428571,19.0,17.0,21.0,18.4285714286,13.5714285714,23.2857142857,29.3392857143,24.6785714286,34.0,0.270935934239,0.320602085985,0.221269782494,0.772636269698,0.877551020408,0.667721518987,0.145510850375,0.181364852379,0.10965684837
72,S1G1,gain,HH-LL,0.832105263158,30.0,4.0,12.0,0.0,0.5,0.263157894737,0.236842105263,5.15789473684,19.3477633478,23.0,1.0,0.0,18.0,0.41,0.28,0.31,5.99,64.8091115234,0.391304347826,0.441176470588,0.342857142857,0.384615384615,0.5,0.285714285714,0.392857142857,0.428571428571,0.357142857143,24.8285714286,23.1428571429,26.5142857143,20.0,21.0,20.0,14.9285714286,15.0,14.8571428571,27.3035714286,25.1785714286,29.4285714286,0.222494892693,0.220815992863,0.224173792523,0.849360956504,0.834776334776,0.863945578231,0.06577837674,0.067325907384,0.064230846096
14,S19G1,gain,HH-LL,0.837894736842,31.0,5.0,13.0,0.0,0.74,0.111578947368,0.148421052632,5.15052631579,10.7217068646,23.0,0.0,1.0,18.0,0.38,0.304210526316,0.315789473684,5.98842105263,67.159554731,0.318181818182,0.363636363636,0.272727272727,0.214285714286,0.285714285714,0.142857142857,0.346153846154,0.384615384615,0.307692307692,26.0857142857,23.1142857143,29.0571428571,18.0,18.0,18.0,14.3571428571,15.4285714286,13.2857142857,29.0178571429,25.0357142857,33.0,0.263528071087,0.291701280334,0.236183485641,0.932038199895,0.993197278912,0.870879120879,0.086940489891,0.102836973024,0.071632765393
32,S7G1,gain,HH-LL,0.843684210526,38.0,9.0,12.0,0.0,0.23,0.258421052632,0.511578947368,5.17105263158,29.2504638219,27.0,2.0,24.0,0.0,0.62,0.198947368421,0.181052631579,6.01473684211,79.530818388,0.457142857143,0.514285714286,0.4,0.357142857143,0.428571428571,0.285714285714,0.482142857143,0.535714285714,0.428571428571,29.9,27.5714285714,32.2285714286,23.0,25.0,22.0,16.6428571429,19.4285714286,13.8571428571,33.2142857143,29.6071428571,36.8214285714,0.237573155211,0.278408368819,0.196737941602,0.832991569834,0.994987468672,0.670995670996,0.088718551554,0.099263593856,0.078173509253
28,S17G1,gain,HH-LL,0.874736842105,25.0,2.0,12.0,0.0,0.38,0.362105263158,0.257894736842,5.10526315789,27.8499278499,34.0,6.0,23.0,0.0,0.23,0.2,0.57,5.98,79.1107070707,0.463768115942,0.485714285714,0.441176470588,0.428571428571,0.571428571429,0.285714285714,0.472727272727,0.464285714286,0.481481481481,27.0428571429,24.6571428571,29.4285714286,19.5,18.0,22.0,16.7142857143,13.7142857143,19.7142857143,29.625,27.3928571429,31.8571428571,0.283231490006,0.309617525822,0.256845454189,0.915256102441,1.0,0.830512204882,0.125225336897,0.137021907277,0.113428766516
49,S2G1,gain,HH-LL,0.902105263158,31.0,5.0,13.0,0.0,0.41,0.23,0.36,5.04,23.957979798,26.0,2.0,0.0,18.0,0.29,0.412105263158,0.297894736842,5.94210526316,62.3879612451,0.478260869565,0.382352941176,0.571428571429,0.285714285714,0.142857142857,0.428571428571,0.527272727273,0.444444444444,0.607142857143,32.3428571429,30.0285714286,34.6571428571,24.0,18.0,26.0,17.7857142857,16.1428571429,19.4285714286,35.9821428571,33.5,38.4642857143,0.265710893477,0.291284546943,0.240867915825,0.928571428571,1.0,0.857142857143,0.096982757271,0.107543503558,0.086799180495
6,S20G1,gain,HH-LL,0.907894736842,31.0,5.0,13.0,0.0,0.71,0.113157894737,0.176842105263,5.02105263158,11.5194805195,29.0,3.0,24.0,0.0,0.65,0.165789473684,0.184210526316,5.92894736842,66.0467073427,0.492063492063,0.516129032258,0.46875,0.428571428571,0.428571428571,0.428571428571,0.510204081633,0.541666666667,0.48,24.9428571429,19.2857142857,30.6,19.0,14.0,20.0,21.7857142857,14.8571428571,28.7142857143,25.7321428571,20.3928571429,31.0714285714,0.257294885931,0.25864582817,0.25602581898,0.963350340136,0.965986394558,0.960714285714,0.059599358754,0.052338162974,0.066302001012
33,S15G1,gain,HH-LL,0.921578947368,30.0,4.0,12.0,0.0,0.56,0.223157894737,0.216842105263,4.91789473684,16.9235209235,23.0,0.0,1.0,18.0,0.35,0.344736842105,0.305263157895,5.83947368421,65.5710162853,0.328571428571,0.4,0.257142857143,0.428571428571,0.428571428571,0.428571428571,0.303571428571,0.392857142857,0.214285714286,26.1857142857,23.2571428571,29.1142857143,18.5,20.0,17.0,14.4285714286,15.2857142857,13.5714285714,29.125,25.25,33.0,0.203287428673,0.227502876412,0.179071980934,0.722222222222,0.85873015873,0.585714285714,0.073553730285,0.069696055832,0.077411404739
76,S10G1,gain,HH-LL,0.925789473684,28.0,3.0,13.0,0.0,0.53,0.266315789474,0.203684210526,5.05210526316,24.2444856731,41.0,1.0,23.0,18.0,0.74,0.111578947368,0.148421052632,5.97789473684,71.8645640074,0.457142857143,0.342857142857,0.571428571429,0.642857142857,0.714285714286,0.571428571429,0.410714285714,0.25,0.571428571429,32.0857142857,27.3714285714,36.8,20.5,20.0,23.0,22.3571428571,15.1428571429,29.5714285714,34.5178571429,30.4285714286,38.6071428571,0.293810035275,0.337951486799,0.24966858375,0.881760204082,1.0,0.763520408163,0.146822493073,0.172439358499,0.121205627647
83,S3G1,gain,HH-LL,0.927368421053,28.0,3.0,13.0,0.0,0.35,0.305263157895,0.344736842105,5.01842105263,29.693877551,23.0,1.0,0.0,18.0,0.29,0.395789473684,0.314210526316,5.94578947368,67.270459699,0.528571428571,0.457142857143,0.6,0.357142857143,0.142857142857,0.571428571429,0.571428571429,0.535714285714,0.607142857143,28.1571428571,27.4571428571,28.8571428571,20.0,20.0,20.0,14.3571428571,12.1428571429,16.5714285714,31.6071428571,31.2857142857,31.9285714286,0.269946439724,0.289116557903,0.250776321544,0.926785714286,0.910714285714,0.942857142857,0.105736621083,0.13371712595,0.077756116215
44,S11G1,gain,HH-LL,0.96,37.0,8.0,11.0,0.0,0.26,0.271,0.468,5.067,24.03,26.0,2.0,0.0,18.0,0.38,0.327,0.292,6.027,60.56,0.485,0.6,0.371,0.571,0.428,0.714,0.464,0.642,0.285,27.9,25.6,30.2,18.5,18.0,20.0,17.85,19.57,16.14,30.41,27.1,33.71,0.254,0.309,0.198,0.758,1.0,0.516,0.128,0.137,0.119
77,S12G1,gain,HH-LL,0.964210526316,30.0,4.0,12.0,0.0,0.65,0.2,0.15,5.0,14.4794887652,27.0,2.0,24.0,0.0,0.62,0.196842105263,0.183157894737,5.96421052632,79.530818388,0.434782608696,0.529411764706,0.342857142857,0.642857142857,0.571428571429,0.714285714286,0.381818181818,0.518518518519,0.25,29.0285714286,27.4285714286,30.6285714286,17.0,15.0,21.0,16.2857142857,16.4285714286,16.1428571429,32.2142857143,30.1785714286,34.25,0.215682551263,0.247756695992,0.183608406533,0.798581048581,1.0,0.597162097162,0.069957926933,0.05969586999,0.080219983876
53,S6G1,gain,HH-LL,0.987894736842,31.0,5.0,13.0,0.0,0.71,0.118947368421,0.171052631579,5.09631578947,11.5194805195,23.0,0.0,1.0,18.0,0.32,0.362105263158,0.317894736842,6.08421052632,66.4897959184,0.391304347826,0.441176470588,0.342857142857,0.307692307692,0.166666666667,0.428571428571,0.410714285714,0.5,0.321428571429,24.8,23.6285714286,25.9714285714,18.0,18.0,18.0,10.4285714286,11.2857142857,9.57142857143,28.3928571429,26.7142857143,30.0714285714,0.217743561141,0.234540569114,0.200946553168,0.774582560297,0.857142857143,0.692022263451,0.078533811352,0.078889997106,0.078177625597
62,S4G1,gain,HH-LL,1.02105263158,30.0,4.0,12.0,0.0,0.68,0.1747368421,0.14526315789,4.81684210526,12.7280972995,27.0,2.0,24.0,0.0,0.62,0.19157894736,0.18842105263,5.83789473684,79.530818388,0.43478260869,0.5,0.37142857142,0.35714285714,0.42857142857,0.28571428571,0.45454545454,0.51851851851,0.39285714285,28.1285714286,24.0285714286,32.2285714286,19.5,17.0,21.0,17.8571428571,22.0,13.7142857143,30.6964285714,24.5357142857,36.8571428571,0.2775670586,0.31989067997,0.23524343722,0.93772893772,1.0,0.87545787545,0.11252658882,0.14986334997,0.07518982766
41,S14G1,gain,HH-LL,1.05684210526,43.0,4.0,2.0,18.0,0.71,0.18263157894,0.10736842105,5.13789473684,19.6198721913,26.0,2.0,0.0,18.0,0.35,0.3447368421,0.30526315789,6.19473684211,62.2593279736,0.37142857142,0.4,0.34285714285,0.57142857142,0.57142857142,0.57142857142,0.32142857142,0.35714285714,0.28571428571,29.7142857143,26.9142857143,32.5142857143,23.5,22.0,24.0,15.4285714286,15.8571428571,15.0,33.2857142857,29.6785714286,36.8928571429,0.25876304881,0.29153675999,0.22598933762,0.72738095238,0.86666666666,0.58809523809,0.14160857291,0.14775428332,0.13546286251
58,S21G1,gain,HH-LL,1.08421052632,28.0,3.0,13.0,0.0,0.44,0.27578947368,0.28421052631,4.90526315789,26.5565862709,23.0,0.0,1.0,18.0,0.2,0.4947368421,0.30526315789,5.98947368421,63.9259946403,0.49122807017,0.5,0.48275862069,0.38461538461,0.66666666666,0.14285714285,0.52272727272,0.45454545454,0.5909090909,22.9142857143,19.7428571429,26.0857142857,18.0,18.0,16.0,15.2142857143,14.2857142857,16.1428571429,24.8392857143,21.1071428571,28.5714285714,0.26730739574,0.26754263304,0.26708784094,0.94871794871,1.0,0.90476190476,0.07045545822,0.06778153296,0.07301312586
37,S8G1,gain,HH-LL,1.08842105263,37.0,8.0,11.0,0.0,0.26,0.25368421052,0.48631578947,4.87052631579,23.8014842301,29.0,3.0,24.0,0.0,0.74,0.15578947368,0.10421052631,5.95894736842,60.0463821892,0.53623188405,0.5294117647,0.54285714285,0.42857142857,0.42857142857,0.42857142857,0.56363636363,0.55555555555,0.57142857142,27.2571428571,25.0857142857,29.4285714286,21.0,17.0,24.0,17.9285714286,11.1428571429,24.7142857143,29.5892857143,28.5714285714,30.6071428571,0.22311411906,0.2557456192,0.19141494749,0.76159723361,1.0,0.52319446722,0.0860456899,0.06279077974,0.10847006755
67,S5G1,gain,HH-LL,1.13315789474,37.0,8.0,11.0,0.0,0.23,0.27789473684,0.49210526315,4.89684210526,24.5104102247,23.0,0.0,1.0,18.0,0.41,0.27,0.32,6.03,67.4916512059,0.53623188405,0.61764705882,0.45714285714,0.76923076923,1.0,0.57142857142,0.48214285714,0.53571428571,0.42857142857,29.2714285714,25.5714285714,32.9714285714,21.0,21.0,21.0,13.5714285714,11.5714285714,15.5714285714,33.1964285714,29.0714285714,37.3214285714,0.22833965036,0.26302667018,0.19365263055,0.80833333333,0.94285714285,0.67380952381,0.08334122962,0.09306905201,0.07361340723
1,S18G1,gain,HH-LL,1.15684210526,30.0,4.0,12.0,0.0,0.5,0.24736842105,0.25263157894,4.96842105263,18.882704597,41.0,1.0,23.0,18.0,0.74,0.14105263157,0.11894736842,6.12526315789,76.3265306122,0.49275362318,0.6,0.38235294117,0.42857142857,0.42857142857,0.42857142857,0.50909090909,0.64285714285,0.37037037037,25.9428571429,22.6571428571,29.2285714286,17.5,16.0,20.0,21.5714285714,14.0,29.1428571429,27.0357142857,24.8214285714,29.25,0.25669886076,0.27076159601,0.2426361255,0.96110091743,1.0,0.92220183486,0.08059834659,0.08845199502,0.07274469816
19,S9G1,gain,HH-LL,1.18210526316,33.0,6.0,12.0,0.0,0.41,0.21,0.38,4.98,20.3562152134,23.0,1.0,0.0,18.0,0.44,0.24210526315,0.31789473684,6.16210526316,65.5852401567,0.58208955223,0.66666666666,0.5,0.6923076923,1.0,0.42857142857,0.55555555555,0.59259259259,0.51851851851,25.3,25.0285714286,25.5714285714,17.5,15.0,19.0,12.5,15.0,10.0,28.5,27.5357142857,29.4642857143,0.27320990271,0.27205054256,0.27436926286,0.93568752036,0.9864544058,0.88492063492,0.10759049829,0.09344957675,0.12173141984
70,S5G2,gain,HL-LH,0.737894736842,24.0,1.0,23.0,0.0,0.62,0.198947368421,0.181052631579,5.19578947368,77.5289631004,33.0,6.0,12.0,0.0,0.53,0.229473684211,0.240526315789,5.93368421053,16.8831168831,0.68115942029,0.685714285714,0.676470588235,0.714285714286,0.714285714286,0.714285714286,0.672727272727,0.678571428571,0.666666666667,26.1714285714,25.5428571429,26.8,19.0,18.0,21.0,17.7142857143,17.5714285714,17.8571428571,28.2857142857,27.5357142857,29.0357142857,0.239871043319,0.237019313071,0.242722773567,0.866348713398,0.892857142857,0.83984028394,0.083251625798,0.073059855624,0.093443395973
47,S2G2,gain,HL-LH,0.778947368421,24.0,1.0,23.0,0.0,0.71,0.194210526316,0.095789473684,5.17684210526,76.6866625438,37.0,8.0,11.0,0.0,0.29,0.330526315789,0.379473684211,5.95578947368,23.1937744795,0.6,0.457142857143,0.742857142857,0.428571428571,0.285714285714,0.571428571429,0.642857142857,0.5,0.785714285714,24.0285714286,20.4,27.6571428571,18.0,17.0,18.0,11.7142857143,10.4285714286,13.0,27.1071428571,22.8928571429,31.3214285714,0.251547079861,0.262236599674,0.240857560048,0.926267281106,1.0,0.852534562212,0.08286702955,0.077795749592,0.087938309507
63,S4G2,gain,HL-LH,0.823157894737,27.0,2.0,24.0,0.0,0.8,0.147368421053,0.052631578947,5.13684210526,60.1937744795,37.0,8.0,11.0,0.0,0.47,0.2,0.33,5.96,18.9478787879,0.652173913043,0.676470588235,0.628571428571,0.307692307692,0.166666666667,0.428571428571,0.732142857143,0.785714285714,0.678571428571,29.9285714286,26.2857142857,33.5714285714,22.0,17.0,24.0,16.2142857143,14.0,18.4285714286,33.3571428571,29.3571428571,37.3571428571,0.269829566594,0.292894872616,0.246764260573,0.955800502019,0.974025974026,0.937575030012,0.098336832737,0.122612097263,0.074061568212
21,S9G2,gain,HL-LH,0.825789473684,23.0,1.0,0.0,18.0,0.29,0.444736842105,0.265263157895,5.06473684211,60.7955060812,28.0,3.0,13.0,0.0,0.44,0.351578947368,0.208421052632,5.89052631579,28.882704597,0.671428571429,0.6,0.742857142857,0.428571428571,0.285714285714,0.571428571429,0.732142857143,0.678571428571,0.785714285714,26.2142857143,25.8571428571,26.5714285714,18.5,17.0,19.0,16.0714285714,16.4285714286,15.7142857143,28.75,28.2142857143,29.2857142857,0.243743033314,0.249532633472,0.237953433155,0.85119047619,0.952380952381,0.75,0.091881172594,0.073820553745,0.109941791443
79,S17G2,gain,HL-LH,0.875789473684,24.0,1.0,23.0,0.0,0.74,0.185263157895,0.074736842105,5.00105263158,73.3725005154,33.0,6.0,12.0,0.0,0.47,0.254736842105,0.275263157895,5.87684210526,19.0871985158,0.811594202899,0.742857142857,0.882352941176,0.571428571429,0.428571428571,0.714285714286,0.872727272727,0.821428571429,0.925925925926,26.9428571429,22.6285714286,31.2571428571,21.0,19.0,21.0,26.2142857143,12.0,40.4285714286,27.125,25.2857142857,28.9642857143,0.263134529346,0.310643599433,0.215625459258,0.903487886383,1.0,0.806975772765,0.103046190087,0.138304499291,0.067787880881
52,S10G2,gain,HL-LH,0.883157894737,23.0,1.0,0.0,18.0,0.35,0.384210526316,0.265789473684,5.13421052632,60.2383013812,31.0,5.0,13.0,0.0,0.47,0.282105263158,0.247894736842,6.01736842105,23.2933415791,0.710144927536,0.735294117647,0.685714285714,0.642857142857,0.857142857143,0.428571428571,0.727272727273,0.703703703704,0.75,26.8,25.4571428571,28.1428571429,18.0,19.0,18.0,13.6428571429,16.1428571429,11.1428571429,30.0892857143,27.7857142857,32.3928571429,0.264560607086,0.293355647978,0.236588281647,0.807993197279,1.0,0.615986394558,0.1262323114,0.110151556713,0.14173875342
16,S19G2,gain,HL-LH,0.897894736842,26.0,2.0,0.0,18.0,0.2,0.536842105263,0.263157894737,5.13684210526,60.1764584622,33.0,6.0,12.0,0.0,0.71,0.147894736842,0.142105263158,6.03473684211,10.2857142857,0.727272727273,0.757575757576,0.69696969697,0.571428571429,0.428571428571,0.714285714286,0.769230769231,0.846153846154,0.692307692308,23.5857142857,21.5428571429,25.6285714286,17.0,16.0,20.0,14.5714285714,14.7142857143,14.4285714286,25.8392857143,23.25,28.4285714286,0.275098062319,0.322177180491,0.229403624093,0.939531368103,1.0,0.879062736206,0.099587377771,0.139686421392,0.060973483915
2,S18G2,gain,HL-LH,0.901052631579,23.0,0.0,1.0,18.0,0.5,0.226315789474,0.273684210526,5.15263157895,62.8907441765,33.0,6.0,12.0,0.0,0.59,0.209473684211,0.200526315789,6.05368421053,14.693877551,0.666666666667,0.529411764706,0.8,0.571428571429,0.428571428571,0.714285714286,0.690909090909,0.555555555556,0.821428571429,25.6714285714,25.1428571429,26.2,17.0,14.0,19.0,20.0714285714,15.2857142857,24.8571428571,27.0714285714,27.6071428571,26.5357142857,0.267939663579,0.2939778193,0.241901507858,0.981428571429,1.0,0.962857142857,0.089567436616,0.117472274125,0.061662599108
50,S6G2,gain,HL-LH,0.908421052632,24.0,1.0,23.0,0.0,0.62,0.195789473684,0.184210526316,5.12315789474,77.5289631004,33.0,6.0,12.0,0.0,0.62,0.192631578947,0.187368421053,6.03157894737,13.5881261596,0.724637681159,0.764705882353,0.685714285714,0.615384615385,0.666666666667,0.571428571429,0.75,0.785714285714,0.714285714286,23.5857142857,21.0,26.1714285714,16.0,14.0,19.0,12.7857142857,11.1428571429,14.4285714286,26.2857142857,23.4642857143,29.1071428571,0.235269197388,0.254641123736,0.215897271039,0.894957983193,1.0,0.789915966387,0.070347000936,0.068301404669,0.072392597202
59,S21G2,gain,HL-LH,0.922105263158,24.0,1.0,23.0,0.0,0.8,0.189473684211,0.010526315789,5.15789473684,72.8264275407,36.0,7.0,23.0,0.0,0.77,0.03,0.2,6.08,16.5920428778,0.80701754386,0.785714285714,0.827586206897,0.692307692308,0.833333333333,0.571428571429,0.840909090909,0.772727272727,0.909090909091,26.2142857143,27.5428571429,24.8857142857,16.5,16.0,18.0,17.5,17.7142857143,17.2857142857,28.3928571429,30.0,26.7857142857,0.279344315438,0.264548278025,0.293153950356,0.931318681319,1.0,0.872448979592,0.090996165294,0.063970535668,0.116846767545
42,S14G2,gain,HL-LH,0.992631578947,24.0,1.0,23.0,0.0,0.77,0.191052631579,0.038947368421,5.16421052632,76.1158524016,43.0,4.0,2.0,18.0,0.71,0.118947368421,0.171052631579,6.15684210526,29.6400742115,0.814285714286,0.742857142857,0.885714285714,0.714285714286,0.714285714286,0.714285714286,0.839285714286,0.75,0.928571428571,27.9857142857,26.3428571429,29.6285714286,20.0,18.0,22.0,23.7857142857,15.1428571429,32.4285714286,29.0357142857,29.1428571429,28.9285714286,0.247039312693,0.277170574168,0.216908051218,0.731702234158,0.874883286648,0.588521181669,0.125873582327,0.127742396048,0.124004768606
82,S3G2,gain,HL-LH,1.02105263158,27.0,2.0,24.0,0.0,0.71,0.14789473684,0.14210526315,4.96947368421,61.6334776335,33.0,6.0,12.0,0.0,0.59,0.20421052631,0.20578947368,5.99052631579,14.693877551,0.62857142857,0.57142857142,0.68571428571,0.64285714285,0.71428571428,0.57142857142,0.625,0.53571428571,0.71428571428,24.1285714286,22.5714285714,25.6857142857,19.5,17.0,24.0,12.5714285714,12.1428571429,13.0,27.0178571429,25.1785714286,28.8571428571,0.28080924879,0.29738795189,0.26423054569,0.94377289377,0.90952380952,0.97802197802,0.11506833754,0.14435398748,0.08578268761
74,S1G2,gain,HL-LH,1.02631578947,24.0,1.0,23.0,0.0,0.65,0.19210526315,0.15789473684,5.06842105263,77.8738691353,33.0,6.0,12.0,0.0,0.5,0.25789473684,0.24210526315,6.09473684211,17.9962894249,0.72463768115,0.73529411764,0.71428571428,0.61538461538,0.5,0.71428571428,0.75,0.78571428571,0.71428571428,27.3857142857,24.4857142857,30.2857142857,19.0,17.0,23.0,19.8571428571,11.1428571429,28.5714285714,29.2678571429,27.8214285714,30.7142857143,0.25448342143,0.27987515997,0.22909168289,0.92371167645,1.0,0.8474233529,0.08717635767,0.09984394996,0.07450876539
71,S15G2,gain,HL-LH,1.03052631579,24.0,1.0,23.0,0.0,0.62,0.18736842105,0.19263157894,4.92947368421,74.4423830138,35.0,7.0,13.0,0.0,0.74,0.06,0.2,5.96,10.7342815914,0.73529411764,0.61764705882,0.85294117647,0.6923076923,0.83333333333,0.57142857142,0.74545454545,0.57142857142,0.92592592592,26.9857142857,23.1428571429,30.8285714286,19.0,18.0,20.0,19.3571428571,11.4285714286,27.2857142857,28.8928571429,26.0714285714,31.7142857143,0.24512927231,0.28039346801,0.20986507662,0.8424573055,0.9619047619,0.7230098491,0.09579726401,0.11001564453,0.08157888349
31,S7G2,gain,HL-LH,1.03526315789,24.0,1.0,23.0,0.0,0.62,0.18947368421,0.19052631578,4.97789473684,74.4423830138,37.0,8.0,11.0,0.0,0.35,0.29210526315,0.35789473684,6.01315789474,21.6810966811,0.7,0.62857142857,0.77142857142,0.64285714285,0.57142857142,0.71428571428,0.71428571428,0.64285714285,0.78571428571,27.8428571429,26.4857142857,29.2,21.0,17.0,22.0,15.5714285714,14.7142857143,16.4285714286,30.9107142857,29.4285714286,32.3928571429,0.23695075877,0.27158189367,0.20231962386,0.85204081632,1.0,0.70408163265,0.08317824438,0.08947736709,0.07687912167
55,S13G2,gain,HL-LH,1.06210526316,27.0,2.0,24.0,0.0,0.71,0.14210526315,0.14789473684,4.83052631579,61.6334776335,31.0,5.0,13.0,0.0,0.56,0.23789473684,0.20210526315,5.89263157895,19.3951762523,0.68571428571,0.57142857142,0.8,0.64285714285,0.42857142857,0.85714285714,0.69642857142,0.60714285714,0.78571428571,28.0428571429,24.1714285714,31.9142857143,19.5,18.0,21.0,21.3571428571,14.0,28.7142857143,29.7142857143,26.7142857143,32.7142857143,0.28602947012,0.34212931486,0.22992962537,0.8286231884,0.94761904761,0.70962732919,0.15038104055,0.19075688168,0.11000519942
27,S12G2,gain,HL-LH,1.09473684211,24.0,1.0,23.0,0.0,0.68,0.18315789473,0.13684210526,4.89263157895,73.9111523397,33.0,6.0,12.0,0.0,0.56,0.21894736842,0.22105263157,5.98736842105,15.7922077922,0.73913043478,0.61764705882,0.85714285714,0.57142857142,0.28571428571,0.85714285714,0.78181818181,0.7037037037,0.85714285714,25.9,22.9428571429,28.8571428571,19.0,14.0,21.0,16.4285714286,14.8571428571,18.0,28.2678571429,24.9642857143,31.5714285714,0.23447646774,0.25570733499,0.2138521967,0.81938061938,1.0,0.63876123876,0.0855917746,0.06274256999,0.10762493618
0,S20G2,gain,HL-LH,1.14526315789,41.0,1.0,23.0,18.0,0.8,0.11578947368,0.08421052631,4.97894736842,63.1910946197,30.0,4.0,12.0,0.0,0.23,0.43368421052,0.33631578947,6.12421052632,28.8369408369,0.6129032258,0.63333333333,0.59375,0.6923076923,0.66666666666,0.71428571428,0.59183673469,0.625,0.56,24.3571428571,20.0285714286,28.6857142857,18.0,17.0,18.0,18.2857142857,16.8571428571,19.7142857143,25.875,20.8214285714,30.9285714286,0.26965949275,0.28784656005,0.25257467196,0.95714285714,0.94285714285,0.97142857142,0.07716415072,0.09680180673,0.05903708364
12,S11G2,gain,HL-LH,1.15052631579,24.0,1.0,23.0,0.0,0.62,0.18210526315,0.19789473684,4.80842105263,74.4423830138,38.0,9.0,12.0,0.0,0.38,0.21157894736,0.40842105263,5.95894736842,25.8979591837,0.74285714285,0.74285714285,0.74285714285,0.64285714285,0.85714285714,0.42857142857,0.76785714285,0.71428571428,0.82142857142,25.7571428571,24.6857142857,26.8285714286,18.5,18.0,20.0,16.0,16.2857142857,15.7142857143,28.1964285714,26.7857142857,29.6071428571,0.2355774031,0.27497484364,0.19617996257,0.77321428571,1.0,0.54642857142,0.10116818245,0.09371855455,0.10861781035
38,S8G2,gain,HL-LH,1.20736842105,24.0,1.0,23.0,0.0,0.71,0.18263157894,0.10736842105,4.91052631579,73.6427540713,35.0,7.0,13.0,0.0,0.44,0.23368421052,0.32631578947,6.11789473684,23.6866625438,0.81159420289,0.82352941176,0.8,0.85714285714,1.0,0.71428571428,0.8,0.77777777777,0.82142857142,25.8714285714,24.7142857143,27.0285714286,18.0,18.0,18.0,12.3571428571,13.0,11.7142857143,29.25,27.6428571429,30.8571428571,0.23729156853,0.29222210495,0.18393047602,0.80882609454,0.99206349206,0.62558869701,0.09181005282,0.11078174533,0.07351592077
9,S16G2,gain,HL-LH,1.28526315789,24.0,1.0,23.0,0.0,0.62,0.18315789473,0.19684210526,4.83263157895,74.4423830138,40.0,5.0,1.0,18.0,0.68,0.17894736842,0.14105263157,6.11789473684,25.5788497217,0.82352941176,0.79411764705,0.85294117647,0.61538461538,0.5,0.71428571428,0.87272727272,0.85714285714,0.88888888888,26.5285714286,23.6,29.4571428571,20.5,20.0,23.0,18.1428571429,16.2857142857,20.0,28.625,25.4285714286,31.8214285714,0.28395006843,0.32445870325,0.24344143362,0.9106060606,1.0,0.82121212121,0.12728607039,0.15557337906,0.09899876172
46,S10G3,loss,HH-LL,0.715789473684,15.0,-7.0,-13.0,0.0,0.35,0.265789473684,0.384210526316,-5.90526315789,27.3038548753,7.0,-1.0,-23.0,0.0,0.65,0.197368421053,0.152631578947,-5.18947368421,77.8738691353,0.628571428571,0.571428571429,0.685714285714,0.642857142857,0.571428571429,0.714285714286,0.625,0.571428571429,0.678571428571,27.2571428571,28.2285714286,26.2857142857,19.5,19.0,20.0,16.3571428571,18.7142857143,14.0,29.9821428571,30.6071428571,29.3571428571,0.283503905015,0.329280252915,0.237727557115,0.797922605849,0.993031358885,0.602813852814,0.154899229807,0.163342476423,0.146455983191
69,S5G3,loss,HH-LL,0.757368421053,11.0,-4.0,-2.0,-18.0,0.68,0.162105263158,0.157894736842,-5.88631578947,27.3873428159,7.0,-1.0,-23.0,0.0,0.65,0.194736842105,0.155263157895,-5.12894736842,77.8738691353,0.666666666667,0.676470588235,0.657142857143,0.785714285714,0.714285714286,0.857142857143,0.636363636364,0.666666666667,0.607142857143,25.0428571429,21.4571428571,28.6285714286,19.5,17.0,21.0,14.1428571429,16.2857142857,12.0,27.7678571429,22.75,32.7857142857,0.210208025383,0.234364157775,0.18605189299,0.780254206946,0.961152882206,0.599355531686,0.067696479991,0.052666976667,0.082725983315
51,S6G3,loss,HH-LL,0.776315789474,16.0,-5.0,-13.0,0.0,0.47,0.268421052632,0.261578947368,-5.83947368421,22.9851576994,14.0,0.0,-1.0,-18.0,0.5,0.231578947368,0.268421052632,-5.06315789474,61.345289631,0.710144927536,0.657142857143,0.764705882353,0.5,0.285714285714,0.714285714286,0.763636363636,0.75,0.777777777778,26.8142857143,22.4285714286,31.2,19.0,17.0,20.0,18.1428571429,20.0,16.2857142857,28.9821428571,23.0357142857,34.9285714286,0.257184392159,0.292430410399,0.221938373919,0.901831501832,1.0,0.803663003663,0.09602261474,0.115538012999,0.076507216482
39,S8G3,loss,HH-LL,0.807368421053,22.0,-8.0,-11.0,0.0,0.47,0.2,0.33,-5.96,18.9478787879,2.0,-2.0,-24.0,0.0,0.65,0.160526315789,0.189473684211,-5.15263157895,70.0727961288,0.757142857143,0.742857142857,0.771428571429,0.714285714286,0.714285714286,0.714285714286,0.767857142857,0.75,0.785714285714,26.9285714286,24.1714285714,29.6857142857,18.5,16.0,24.0,15.3571428571,14.1428571429,16.5714285714,29.8214285714,26.6785714286,32.9642857143,0.251348680003,0.257578733244,0.245118626762,0.905612244898,1.0,0.811224489796,0.087782788779,0.071973416555,0.103592161004
20,S9G3,loss,HH-LL,0.825263157895,16.0,-5.0,-13.0,0.0,0.5,0.268421052632,0.231578947368,-5.98947368421,21.9554730983,7.0,-1.0,-23.0,0.0,0.77,0.191052631579,0.038947368421,-5.16421052632,76.1158524016,0.608695652174,0.470588235294,0.742857142857,0.642857142857,0.428571428571,0.857142857143,0.6,0.481481481481,0.714285714286,23.0428571429,20.5428571429,25.5428571429,19.0,16.0,19.0,12.9285714286,14.2857142857,11.5714285714,25.5714285714,22.1071428571,29.0357142857,0.234310524928,0.277343752766,0.19127729709,0.814012303486,1.0,0.628024606972,0.089385080288,0.096679690957,0.082090469619
73,S1G3,loss,HH-LL,0.825263157895,16.0,-5.0,-13.0,0.0,0.56,0.237894736842,0.202105263158,-5.89263157895,19.3951762523,8.0,0.0,-22.0,-18.0,0.74,0.096842105263,0.163157894737,-5.06736842105,73.0018552876,0.63768115942,0.588235294118,0.685714285714,0.846153846154,1.0,0.714285714286,0.589285714286,0.5,0.678571428571,29.5571428571,28.4,30.7142857143,20.0,19.0,20.0,19.7142857143,18.4285714286,21.0,32.0178571429,30.8928571429,33.1428571429,0.24521383898,0.246660134587,0.243767543373,0.947102496913,0.987394957983,0.906810035842,0.069741674497,0.061476428738,0.078006920255
26,S17G3,loss,HH-LL,0.840526315789,19.0,-6.0,-12.0,0.0,0.53,0.229473684211,0.240526315789,-5.93368421053,16.8831168831,14.0,0.0,-1.0,-18.0,0.47,0.261578947368,0.268421052632,-5.09315789474,61.0713254999,0.602941176471,0.571428571429,0.636363636364,0.357142857143,0.285714285714,0.428571428571,0.666666666667,0.642857142857,0.692307692308,27.9142857143,27.0857142857,28.7428571429,19.5,15.0,20.0,14.9285714286,17.5714285714,12.2857142857,31.1607142857,29.4642857143,32.8571428571,0.242044151616,0.253776972484,0.229966247781,0.916326530612,1.0,0.832653061224,0.070408636962,0.067221215605,0.073714110962
48,S2G3,loss,HH-LL,0.845263157895,19.0,-6.0,-12.0,0.0,0.53,0.236842105263,0.233157894737,-6.02210526316,16.8979591837,7.0,-1.0,-23.0,0.0,0.71,0.194210526316,0.095789473684,-5.17684210526,76.6866625438,0.628571428571,0.542857142857,0.714285714286,0.642857142857,0.714285714286,0.571428571429,0.625,0.5,0.75,29.0428571429,29.4571428571,28.6285714286,21.0,20.0,24.0,17.0,20.1428571429,13.8571428571,32.0535714286,31.7857142857,32.3214285714,0.258264679726,0.284395579465,0.232133779986,0.872959183673,0.985714285714,0.760204081633,0.104591053739,0.109065902903,0.100116204574
34,S15G3,loss,HH-LL,0.908421052632,16.0,-5.0,-13.0,0.0,0.5,0.273684210526,0.226315789474,-6.05789473684,22.0867862296,2.0,-2.0,-24.0,0.0,0.68,0.157894736842,0.162105263158,-5.14947368421,65.5815295815,0.636363636364,0.515151515152,0.757575757576,0.384615384615,0.333333333333,0.428571428571,0.698113207547,0.555555555556,0.846153846154,24.2714285714,21.8857142857,26.6571428571,20.0,18.0,21.0,16.0,16.0,16.0,26.3392857143,23.3571428571,29.3214285714,0.246840049905,0.258627137995,0.235052961814,0.916541353383,1.0,0.833082706767,0.079414724035,0.073283922494,0.085545525576
5,S20G3,loss,HH-LL,0.942105263158,19.0,-6.0,-12.0,0.0,0.56,0.204210526316,0.235789473684,-5.81052631579,15.7625231911,8.0,0.0,-22.0,-18.0,0.77,0.182105263158,0.047894736842,-4.86842105263,79.547309833,0.603174603175,0.516129032258,0.6875,0.5,0.428571428571,0.571428571429,0.632653061224,0.541666666667,0.72,25.6285714286,21.7142857143,29.5428571429,17.0,16.0,20.0,17.4285714286,19.4285714286,15.4285714286,27.6785714286,22.2857142857,33.0714285714,0.258267199681,0.268355840308,0.248789991819,0.930146186827,0.956588669951,0.903703703704,0.070141083279,0.067621264995,0.072467069388
7,S11G3,loss,HH-LL,0.948947368421,16.0,-5.0,-13.0,0.0,0.68,0.187368421053,0.132631578947,-5.83578947368,14.4281591424,7.0,-1.0,-23.0,0.0,0.65,0.184210526316,0.165789473684,-4.88684210526,74.788975384,0.666666666667,0.628571428571,0.705882352941,0.615384615385,0.714285714286,0.5,0.678571428571,0.607142857143,0.75,27.0571428571,25.7142857143,28.4,19.0,17.0,20.0,17.6428571429,20.1428571429,15.1428571429,29.4107142857,27.1071428571,31.7142857143,0.241478052895,0.260924498998,0.222031606791,0.786127645503,0.995535714286,0.57671957672,0.105315654743,0.077271695176,0.133359614309
22,S13G3,loss,HH-LL,0.957894736842,19.0,-6.0,-12.0,0.0,0.65,0.178947368421,0.171052631579,-6.04736842105,12.618556701,2.0,-2.0,-24.0,0.0,0.65,0.157894736842,0.192105263158,-5.08947368421,66.6593730276,0.768115942029,0.714285714286,0.823529411765,0.571428571429,0.571428571429,0.571428571429,0.818181818182,0.75,0.888888888889,24.4571428571,21.6857142857,27.2285714286,17.5,17.0,20.0,18.3571428571,15.8571428571,20.8571428571,25.9821428571,23.1428571429,28.8214285714,0.272335989964,0.319450514389,0.225221465539,0.800540377441,0.91156462585,0.689516129032,0.140284893094,0.171421986523,0.109147799666
64,S4G3,loss,HH-LL,0.981052631579,10.0,-5.0,-1.0,-18.0,0.68,0.178947368421,0.141052631579,-6.11789473684,25.5788497217,2.0,-2.0,-24.0,0.0,0.8,0.147368421053,0.052631578947,-5.13684210526,60.1937744795,0.647058823529,0.676470588235,0.617647058824,0.615384615385,0.833333333333,0.428571428571,0.654545454545,0.642857142857,0.666666666667,29.7857142857,27.9142857143,31.6571428571,24.0,22.0,25.0,19.7142857143,20.7142857143,18.7142857143,32.3035714286,29.7142857143,34.8928571429,0.24335118453,0.257089725152,0.229612643909,0.860870610871,0.873015873016,0.848725348725,0.088971327945,0.103108188186,0.074834467704
30,S7G3,loss,HH-LL,0.987368421053,9.0,-3.0,-13.0,-18.0,0.74,0.148421052632,0.111578947368,-6.15789473684,29.9525870954,7.0,-1.0,-23.0,0.0,0.74,0.192631578947,0.067368421052,-5.17052631579,76.4021851165,0.68115942029,0.647058823529,0.714285714286,0.615384615385,0.666666666667,0.571428571429,0.696428571429,0.642857142857,0.75,29.1,26.7428571429,31.4571428571,21.5,22.0,21.0,13.5714285714,14.4285714286,12.7142857143,32.9821428571,29.8214285714,36.1428571429,0.244108846836,0.248937276817,0.239280416856,0.859182393961,0.96,0.758364787921,0.090340460055,0.07117159602,0.10950932409
43,S14G3,loss,HH-LL,1.10526315789,19.0,-6.0,-12.0,0.0,0.71,0.14789473684,0.14210526315,-6.0347368421,10.2857142857,7.0,-1.0,-23.0,0.0,0.62,0.18736842105,0.19263157894,-4.9294736842,74.4423830138,0.69565217391,0.61764705882,0.77142857142,0.5,0.28571428571,0.71428571428,0.74545454545,0.7037037037,0.78571428571,24.8714285714,23.1428571429,26.6,18.0,18.0,29.0,17.3571428571,16.5714285714,18.1428571429,26.75,24.7857142857,28.7142857143,0.26946358822,0.28589510722,0.25303206923,0.72409507375,0.86466165413,0.58352849336,0.15580571684,0.14120347049,0.1704079632
3,S18G3,loss,HH-LL,1.11578947368,15.0,-7.0,-13.0,0.0,0.44,0.23368421052,0.32631578947,-6.1178947368,23.6866625438,7.0,-1.0,-23.0,0.0,0.62,0.19052631578,0.18947368421,-5.0021052631,77.5289631004,0.75,0.58823529411,0.91176470588,0.78571428571,0.71428571428,0.85714285714,0.74074074074,0.55555555555,0.92592592592,22.2571428571,19.2285714286,25.2857142857,17.0,16.0,18.0,14.4285714286,17.1428571429,11.7142857143,24.2142857143,19.75,28.6785714286,0.2712985414,0.30307075475,0.23952632805,0.95238095238,1.0,0.90476190476,0.10102793866,0.12883844344,0.07321743388
81,S3G3,loss,HH-LL,1.15157894737,15.0,-7.0,-13.0,0.0,0.74,0.06,0.2,-5.96,10.7342815914,7.0,-1.0,-23.0,0.0,0.62,0.18210526315,0.19789473684,-4.8084210526,74.4423830138,0.73529411764,0.66666666666,0.8,0.64285714285,0.57142857142,0.71428571428,0.75925925925,0.6923076923,0.82142857142,27.6,22.8857142857,32.3142857143,21.5,19.0,24.0,17.7857142857,18.1428571429,17.4285714286,30.0535714286,24.0714285714,36.0357142857,0.28873399006,0.29868398194,0.27878399818,0.96189535102,0.98571428571,0.93807641633,0.12044364982,0.126926406,0.11396089364
68,S12G3,loss,HH-LL,1.16,4.0,-7.0,-23.0,0.0,0.77,0.03,0.2,-6.08,16.59,8.0,0.0,-22.0,-18.0,0.74,0.06,0.2,-4.92,69.29,0.571,0.6,0.542,0.785,0.857,0.714,0.517,0.535,0.5,29.27,26.17,32.37,20.0,16.0,20.0,16.64,16.42,16.85,32.42,28.6,36.25,0.227,0.254,0.199,0.784,1.0,0.569,0.087,0.068,0.106
11,S21G3,loss,HH-LL,1.22105263158,19.0,-6.0,-12.0,0.0,0.59,0.20894736842,0.20105263157,-6.047368421,14.693877551,7.0,-1.0,-23.0,0.0,0.65,0.18157894736,0.16842105263,-4.8263157894,74.788975384,0.78947368421,0.71428571428,0.86206896551,0.76923076923,0.66666666666,0.85714285714,0.79545454545,0.72727272727,0.86363636363,20.6571428571,19.6857142857,21.6285714286,14.0,13.0,14.0,18.0714285714,17.7142857143,18.4285714286,21.3035714286,20.1785714286,22.4285714286,0.28999699434,0.27700557496,0.3021223191,0.93259705614,0.996124031,0.8781453634,0.10435697649,0.08088235967,0.12681095779
15,S19G3,loss,HH-LL,1.22210526316,11.0,-4.0,-2.0,-18.0,0.71,0.11894736842,0.17105263157,-6.1568421052,29.6400742115,14.0,0.0,-1.0,-18.0,0.53,0.20736842105,0.26263157894,-4.9347368421,61.6173984745,0.71212121212,0.66666666666,0.75757575757,0.78571428571,0.85714285714,0.71428571428,0.6923076923,0.61538461538,0.76923076923,24.6142857143,23.4,25.8285714286,20.0,20.0,19.0,16.2857142857,17.0,15.5714285714,26.6964285714,25.0,28.3928571429,0.2684526696,0.32440007687,0.21415077431,0.93095238095,1.0,0.8619047619,0.09345274585,0.14250778988,0.04621455531
10,S16G3,loss,HH-LL,1.29578947368,19.0,-6.0,-12.0,0.0,0.2,0.41052631578,0.38947368421,-6.1263157894,28.987012987,2.0,-2.0,-24.0,0.0,0.71,0.14210526315,0.14789473684,-4.8305263157,61.6334776335,0.62318840579,0.57142857142,0.67647058823,0.57142857142,0.42857142857,0.71428571428,0.63636363636,0.60714285714,0.66666666666,24.2857142857,22.6285714286,25.9428571429,18.5,16.0,21.0,15.8571428571,15.4285714286,16.2857142857,26.3928571429,24.4285714286,28.3571428571,0.24417013711,0.26890479671,0.21943547751,0.90967326324,0.98412698412,0.83521954236,0.07779435558,0.09009924986,0.06548946129
29,S17G4,loss,HL-LH,0.815789473684,2.0,-2.0,-24.0,0.0,0.65,0.189473684211,0.160526315789,-5.84736842105,76.5360824742,15.0,-7.0,-13.0,0.0,0.32,0.214736842105,0.465263157895,-5.03157894737,26.7546897547,0.485294117647,0.6,0.363636363636,0.428571428571,0.714285714286,0.142857142857,0.5,0.571428571429,0.423076923077,27.3142857143,25.8857142857,28.7428571429,20.5,19.0,24.0,16.7857142857,17.5714285714,16.0,29.9464285714,27.9642857143,31.9285714286,0.256401915284,0.261423762686,0.251232366488,0.955357142857,0.996428571429,0.914285714286,0.078486039174,0.0776725605,0.079329646689
65,S5G4,loss,HL-LH,0.824736842105,1.0,-3.0,-24.0,0.0,0.71,0.153684210526,0.136315789474,-5.81842105263,60.8423005566,20.0,-4.0,-12.0,0.0,0.56,0.229473684211,0.210526315789,-4.99368421053,16.9235209235,0.565217391304,0.571428571429,0.558823529412,0.785714285714,0.857142857143,0.714285714286,0.509090909091,0.5,0.518518518519,26.6142857143,22.4571428571,30.7714285714,19.5,20.0,19.0,18.4285714286,20.0,16.8571428571,28.6607142857,23.0714285714,34.25,0.242208724239,0.274588353169,0.209829095309,0.804050355774,1.0,0.608100711549,0.101748316355,0.093235441461,0.110261191249
18,S11G4,loss,HL-LH,0.827368421053,3.0,-1.0,-23.0,-18.0,0.74,0.111578947368,0.148421052632,-5.97789473684,71.8645640074,16.0,-5.0,-13.0,0.0,0.74,0.111578947368,0.148421052632,-5.15052631579,10.7217068646,0.463768115942,0.411764705882,0.514285714286,0.357142857143,0.285714285714,0.428571428571,0.490909090909,0.444444444444,0.535714285714,27.1571428571,23.5428571429,30.7714285714,19.0,17.0,21.0,20.0,17.8571428571,22.1428571429,28.9464285714,24.9642857143,32.9285714286,0.254768564717,0.29571984348,0.213817285954,0.814473684211,0.990476190476,0.638471177945,0.114842284843,0.12203075673,0.107653812956
35,S7G4,loss,HL-LH,0.869473684211,2.0,-2.0,-24.0,0.0,0.62,0.196842105263,0.183157894737,-5.96421052632,79.530818388,10.0,-5.0,-1.0,-18.0,0.8,0.147368421053,0.052631578947,-5.09473684211,10.8998144712,0.428571428571,0.542857142857,0.314285714286,0.357142857143,0.428571428571,0.285714285714,0.446428571429,0.571428571429,0.321428571429,29.1571428571,28.3142857143,30.0,22.0,21.0,22.0,20.0714285714,24.8571428571,15.2857142857,31.4285714286,29.1785714286,33.6785714286,0.241763132465,0.26767468045,0.21585158448,0.82967032967,1.0,0.659340659341,0.094786333163,0.084593350562,0.104979315765
13,S16G4,loss,HL-LH,0.909473684211,1.0,-3.0,-24.0,0.0,0.68,0.162105263158,0.157894736842,-5.93052631579,64.6493506494,16.0,-5.0,-13.0,0.0,0.71,0.113157894737,0.176842105263,-5.02105263158,11.5194805195,0.426470588235,0.411764705882,0.441176470588,0.538461538462,0.833333333333,0.285714285714,0.4,0.321428571429,0.481481481481,26.8142857143,24.6857142857,28.9428571429,20.5,18.0,22.0,19.0714285714,17.0,21.1428571429,28.75,26.6071428571,30.8928571429,0.275512546354,0.309044200595,0.241980892112,0.91341991342,1.0,0.82683982684,0.116035704587,0.136305250744,0.09576615843
45,S2G4,loss,HL-LH,0.91,0.0,-2.0,-24.0,-18.0,0.8,0.136,0.063,-6.02,64.83,22.0,-8.0,-11.0,0.0,0.23,0.297,0.472,-5.11,24.74,0.642,0.685,0.6,0.571,0.714,0.428,0.66,0.678,0.642,28.14,25.85,30.42,22.0,20.0,22.0,18.0,16.28,19.71,30.67,28.25,33.1,0.254,0.255,0.254,0.869,0.894,0.844,0.101,0.095,0.107
25,S15G4,loss,HL-LH,0.923684210526,3.0,-1.0,-23.0,-18.0,0.77,0.182105263158,0.047894736842,-5.82052631579,78.5029890744,22.0,-8.0,-11.0,0.0,0.23,0.277894736842,0.492105263158,-4.89684210526,24.5104102247,0.514705882353,0.558823529412,0.470588235294,0.769230769231,0.666666666667,0.857142857143,0.454545454545,0.535714285714,0.37037037037,26.1142857143,21.2285714286,31.0,17.5,17.0,23.0,16.5714285714,16.0,17.1428571429,28.5,22.5357142857,34.4642857143,0.263580179041,0.29264314885,0.234517209231,0.912142857143,1.0,0.824285714286,0.101439509515,0.115803936063,0.087075082967
56,S6G4,loss,HL-LH,0.932631578947,2.0,-2.0,-24.0,0.0,0.62,0.191578947368,0.188421052632,-5.83789473684,79.530818388,17.0,-3.0,-13.0,0.0,0.44,0.275789473684,0.284210526316,-4.90526315789,26.5565862709,0.485294117647,0.575757575758,0.4,0.538461538462,0.666666666667,0.428571428571,0.472727272727,0.555555555556,0.392857142857,27.2142857143,24.1428571429,30.2857142857,21.0,18.0,24.0,16.9285714286,15.1428571429,18.7142857143,29.7857142857,26.3928571429,33.1785714286,0.260308361855,0.286704370418,0.233912353291,0.91112244898,1.0,0.822244897959,0.097604840073,0.108380463023,0.086829217124
40,S8G4,loss,HL-LH,0.935263157895,14.0,0.0,-1.0,-18.0,0.41,0.27,0.32,-6.03,67.4916512059,20.0,-4.0,-12.0,0.0,0.53,0.247894736842,0.222105263158,-5.09473684211,18.1504844362,0.6,0.571428571429,0.628571428571,0.571428571429,0.428571428571,0.714285714286,0.607142857143,0.607142857143,0.607142857143,26.5142857143,25.4285714286,27.6,18.0,17.0,19.0,12.5,15.5714285714,9.42857142857,30.0178571429,27.8928571429,32.1428571429,0.257450333914,0.267596950462,0.247303717367,0.914285714286,1.0,0.828571428571,0.093241488821,0.084496188077,0.101986789566
8,S20G4,loss,HL-LH,0.949473684211,14.0,0.0,-1.0,-18.0,0.2,0.494736842105,0.305263157895,-5.98947368421,63.9259946403,16.0,-5.0,-13.0,0.0,0.41,0.23,0.36,-5.04,23.957979798,0.492063492063,0.451612903226,0.53125,0.571428571429,0.428571428571,0.714285714286,0.469387755102,0.458333333333,0.48,23.7857142857,18.3428571429,29.2285714286,17.5,12.0,23.0,16.2857142857,15.2857142857,17.2857142857,25.6607142857,19.1071428571,32.2142857143,0.261632868143,0.276036743952,0.248101954505,0.952380952381,1.0,0.904761904762,0.068223404556,0.064880794271,0.071308890973
66,S12G4,loss,HL-LH,1.01105263158,1.0,-3.0,-24.0,0.0,0.65,0.16578947368,0.18421052631,-5.9289473684,66.0467073427,20.0,-4.0,-12.0,0.0,0.56,0.22315789473,0.21684210526,-4.9178947368,16.9235209235,0.45714285714,0.45714285714,0.45714285714,0.5,0.57142857142,0.42857142857,0.44642857142,0.42857142857,0.46428571428,27.7285714286,27.3714285714,28.0857142857,19.0,17.0,22.0,15.2857142857,15.0,15.5714285714,30.8392857143,30.4642857143,31.2142857143,0.23588070884,0.26702946901,0.20473194868,0.77477423718,0.9805764411,0.56897203325,0.10115732676,0.08864272598,0.11367192754
54,S10G4,loss,HL-LH,1.03473684211,2.0,-2.0,-24.0,0.0,0.71,0.19421052631,0.09578947368,-6.0810526315,77.7126365698,10.0,-5.0,-1.0,-18.0,0.77,0.17315789473,0.05684210526,-5.0463157894,11.3970315399,0.38571428571,0.34285714285,0.42857142857,0.28571428571,0.28571428571,0.28571428571,0.41071428571,0.35714285714,0.46428571428,29.1285714286,29.4285714286,28.8285714286,20.5,19.0,21.0,13.3571428571,13.0,13.7142857143,33.0714285714,33.5357142857,32.6071428571,0.26547164737,0.306886915,0.22405637975,0.8061050061,1.0,0.61221001221,0.13031330769,0.13360864375,0.12701797163
4,S18G4,loss,HL-LH,1.05052631579,3.0,-1.0,-23.0,-18.0,0.74,0.08947368421,0.17052631578,-5.867368421,67.3562152134,20.0,-4.0,-12.0,0.0,0.68,0.1747368421,0.14526315789,-4.8168421052,12.7280972995,0.43478260869,0.4,0.47058823529,0.42857142857,0.57142857142,0.28571428571,0.43636363636,0.35714285714,0.51851851851,23.9285714286,21.9142857143,25.9428571429,19.0,16.0,22.0,14.1428571429,14.5714285714,13.7142857143,26.375,23.75,29.0,0.2794840019,0.27229198809,0.2866760157,0.94642857142,1.0,0.89285714285,0.11274785951,0.09036498511,0.13513073391
60,S13G4,loss,HL-LH,1.05210526316,14.0,-1.0,0.0,-18.0,0.41,0.28,0.31,-5.99,64.8091115234,21.0,-2.0,-12.0,0.0,0.29,0.36315789473,0.34684210526,-4.9378947368,29.3341579056,0.5652173913,0.6,0.5294117647,0.5,0.42857142857,0.57142857142,0.58181818181,0.64285714285,0.51851851851,26.8,20.9714285714,32.6285714286,20.0,17.0,25.0,21.5714285714,12.2857142857,30.8571428571,28.1071428571,23.1428571429,33.0714285714,0.25999851536,0.33380766673,0.186189364,0.72171263666,0.95535714285,0.48806813047,0.14456998504,0.1784202977,0.11071967238
61,S21G4,loss,HL-LH,1.06526315789,3.0,-1.0,-23.0,-18.0,0.74,0.15578947368,0.10421052631,-6.1989473684,77.8035456607,21.0,-2.0,-12.0,0.0,0.29,0.37947368421,0.33052631578,-5.1336842105,29.576582148,0.52631578947,0.57142857142,0.48275862069,0.61538461538,0.66666666666,0.57142857142,0.5,0.54545454545,0.45454545454,20.0285714286,18.0857142857,21.9714285714,12.0,12.0,12.0,13.2142857143,16.4285714286,10.0,21.7321428571,18.5,24.9642857143,0.27286922076,0.26630334738,0.27899736925,0.90795648795,0.99333333333,0.83477633477,0.08939956579,0.06802244212,0.1098472493
75,S1G4,loss,HL-LH,1.06578947368,14.0,-1.0,0.0,-18.0,0.44,0.24210526315,0.31789473684,-6.1621052631,65.5852401567,16.0,-5.0,-13.0,0.0,0.71,0.11894736842,0.17105263157,-5.0963157894,11.5194805195,0.47142857142,0.48571428571,0.45714285714,0.5,0.42857142857,0.57142857142,0.46428571428,0.5,0.42857142857,30.3571428571,30.9428571429,29.7714285714,26.0,21.0,26.0,24.9285714286,25.8571428571,24.0,31.7142857143,32.2142857143,31.2142857143,0.26403415801,0.28095363774,0.24711467827,0.90696805854,0.97154582763,0.84239028944,0.10330068287,0.10830559027,0.09829577548
23,S9G4,loss,HL-LH,1.07315789474,3.0,-1.0,-23.0,-18.0,0.74,0.14105263157,0.11894736842,-6.1252631578,76.3265306122,17.0,-3.0,-13.0,0.0,0.53,0.26631578947,0.20368421052,-5.0521052631,24.2444856731,0.55714285714,0.57142857142,0.54285714285,0.35714285714,0.42857142857,0.28571428571,0.60714285714,0.60714285714,0.60714285714,24.9428571429,23.2285714286,26.6571428571,20.0,18.0,20.0,13.3571428571,16.1428571429,10.5714285714,27.8392857143,25.0,30.6785714286,0.2352400544,0.27546968625,0.19501042255,0.83945578231,0.99319727891,0.68571428571,0.08418612243,0.09603778809,0.07233445677
36,S14G4,loss,HL-LH,1.07526315789,14.0,-1.0,0.0,-18.0,0.29,0.39578947368,0.31421052631,-5.9457894736,67.270459699,22.0,-8.0,-11.0,0.0,0.26,0.25368421052,0.48631578947,-4.8705263157,23.8014842301,0.6,0.57142857142,0.62857142857,0.78571428571,0.71428571428,0.85714285714,0.55357142857,0.53571428571,0.57142857142,27.0285714286,24.6285714286,29.4285714286,20.0,19.0,23.0,14.5714285714,15.5714285714,13.5714285714,30.1428571429,26.8928571429,33.3928571429,0.23784346429,0.24946253859,0.22622438998,0.74927557229,0.85714285714,0.64140828745,0.10998543729,0.09754245895,0.12242841562
57,S4G4,loss,HL-LH,1.07789473684,14.0,0.0,-1.0,-18.0,0.47,0.21368421052,0.31631578947,-5.907368421,68.1502782931,20.0,-4.0,-12.0,0.0,0.74,0.15578947368,0.10421052631,-4.8294736842,10.7689136261,0.51428571428,0.48571428571,0.54285714285,0.35714285714,0.14285714285,0.57142857142,0.55357142857,0.57142857142,0.53571428571,28.1285714286,25.6285714286,30.6285714286,19.5,17.0,23.0,19.4285714286,18.2857142857,20.5714285714,30.3035714286,27.4642857143,33.1428571429,0.23559149876,0.26941281382,0.2017701837,0.83438848512,0.91964285714,0.7491341131,0.08589225217,0.10685530299,0.06492920136
80,S3G4,loss,HL-LH,1.07789473684,2.0,-2.0,-24.0,0.0,0.74,0.18526315789,0.0747368421,-5.9263157894,74.1430632859,20.0,-4.0,-12.0,0.0,0.59,0.20736842105,0.20263157894,-4.8484210526,15.6668728097,0.5,0.45714285714,0.54285714285,0.35714285714,0.14285714285,0.57142857142,0.53571428571,0.53571428571,0.53571428571,28.0857142857,25.5142857143,30.6571428571,21.5,22.0,20.0,18.6428571429,22.2857142857,15.0,30.4464285714,26.3214285714,34.5714285714,0.2899901553,0.29541191645,0.28456839414,0.99691889742,0.9970845481,0.99675324675,0.11325796976,0.11999375854,0.10652218099
17,S19G4,loss,HL-LH,1.15578947368,14.0,-1.0,0.0,-18.0,0.44,0.25052631578,0.30947368421,-6.0105263157,64.4794887652,20.0,-4.0,-12.0,0.0,0.59,0.20789473684,0.20210526315,-4.8547368421,15.6668728097,0.42424242424,0.33333333333,0.51515151515,0.5,0.42857142857,0.57142857142,0.40384615384,0.30769230769,0.5,25.5571428571,23.2,27.9142857143,17.5,19.0,17.0,21.2857142857,21.2857142857,21.2857142857,26.625,23.6785714286,29.5714285714,0.26162152828,0.28846746215,0.2355651807,0.89102564102,0.93681318681,0.84523809523,0.09536383813,0.11391284398,0.07750183249
