,subject,problem,trial,option,outcome,choice
1,1,1,1,0,4,-1
2,1,1,2,0,4,-1
3,1,1,3,0,4,-1
4,1,1,4,0,4,-1
5,1,1,5,0,0,-1
6,1,1,6,0,4,-1
7,1,1,7,0,4,-1
8,1,1,8,0,4,-1
9,1,1,9,0,4,-1
10,1,1,10,0,4,-1
11,1,1,11,0,0,-1
12,1,1,12,0,4,-1
13,1,1,13,1,3,-1
14,1,1,14,1,3,-1
15,1,1,15,1,3,-1
16,1,1,16,1,3,-1
17,1,1,17,1,3,-1
18,1,1,18,1,3,-1
19,1,1,19,1,3,-1
20,1,1,20,1,3,-1
21,1,1,21,1,3,-1
22,1,1,22,1,3,-1
23,1,1,23,1,3,-1
24,1,1,24,1,3,-1
25,1,1,25,1,3,-1
26,1,1,26,1,3,-1
27,1,1,27,1,3,-1
28,1,1,28,1,3,-1
29,1,1,29,0,4,-1
30,1,1,30,0,4,-1
31,1,1,31,0,4,-1
32,1,1,32,0,4,-1
33,1,1,33,0,0,-1
34,1,1,34,0,4,0
35,2,1,1,1,3,-1
36,2,1,2,1,3,-1
37,2,1,3,1,3,-1
38,2,1,4,1,3,-1
39,2,1,5,0,4,-1
40,2,1,6,0,4,-1
41,2,1,7,0,4,-1
42,2,1,8,0,4,-1
43,2,1,9,0,4,-1
44,2,1,10,1,3,-1
45,2,1,11,1,3,-1
46,2,1,12,1,3,-1
47,2,1,13,1,3,-1
48,2,1,14,1,3,0
49,3,1,1,0,0,-1
50,3,1,2,1,3,0
51,4,1,1,1,3,-1
52,4,1,2,0,4,0
53,5,1,1,1,3,-1
54,5,1,2,1,3,-1
55,5,1,3,1,3,-1
56,5,1,4,1,3,-1
57,5,1,5,0,4,-1
58,5,1,6,0,4,-1
59,5,1,7,0,4,-1
60,5,1,8,0,4,0
61,6,1,1,1,3,-1
62,6,1,2,1,3,-1
63,6,1,3,1,3,-1
64,6,1,4,0,4,-1
65,6,1,5,0,4,-1
66,6,1,6,1,3,-1
67,6,1,7,0,0,-1
68,6,1,8,0,4,-1
69,6,1,9,1,3,-1
70,6,1,10,1,3,-1
71,6,1,11,0,4,-1
72,6,1,12,0,4,-1
73,6,1,13,0,4,-1
74,6,1,14,0,4,-1
75,6,1,15,1,3,0
76,7,1,1,0,4,-1
77,7,1,2,0,0,-1
78,7,1,3,0,0,-1
79,7,1,4,0,4,-1
80,7,1,5,0,4,-1
81,7,1,6,0,4,-1
82,7,1,7,0,4,-1
83,7,1,8,0,4,-1
84,7,1,9,0,4,-1
85,7,1,10,0,4,-1
86,7,1,11,1,3,-1
87,7,1,12,1,3,-1
88,7,1,13,1,3,-1
89,7,1,14,1,3,-1
90,7,1,15,1,3,-1
91,7,1,16,1,3,-1
92,7,1,17,1,3,-1
93,7,1,18,0,4,-1
94,7,1,19,0,4,-1
95,7,1,20,0,4,-1
96,7,1,21,0,4,-1
97,7,1,22,0,4,-1
98,7,1,23,0,4,-1
99,7,1,24,0,4,-1
100,7,1,25,0,4,-1
101,7,1,26,0,4,-1
102,7,1,27,0,4,-1
103,7,1,28,0,4,-1
104,7,1,29,0,0,-1
105,7,1,30,0,4,-1
106,7,1,31,0,4,-1
107,7,1,32,0,4,-1
108,7,1,33,1,3,-1
109,7,1,34,1,3,-1
110,7,1,35,1,3,-1
111,7,1,36,1,3,0
112,8,1,1,1,3,-1
113,8,1,2,1,3,-1
114,8,1,3,0,4,-1
115,8,1,4,1,3,-1
116,8,1,5,0,0,-1
117,8,1,6,0,0,-1
118,8,1,7,1,3,-1
119,8,1,8,0,4,-1
120,8,1,9,1,3,-1
121,8,1,10,0,4,-1
122,8,1,11,1,3,-1
123,8,1,12,0,4,-1
124,8,1,13,1,3,-1
125,8,1,14,0,4,-1
126,8,1,15,1,3,-1
127,8,1,16,0,4,-1
128,8,1,17,1,3,-1
129,8,1,18,0,4,-1
130,8,1,19,1,3,-1
131,8,1,20,0,0,-1
132,8,1,21,1,3,-1
133,8,1,22,0,4,-1
134,8,1,23,1,3,-1
135,8,1,24,0,4,-1
136,8,1,25,1,3,-1
137,8,1,26,0,0,-1
138,8,1,27,1,3,0
139,9,1,1,1,3,-1
140,9,1,2,0,0,-1
141,9,1,3,1,3,-1
142,9,1,4,0,4,-1
143,9,1,5,1,3,-1
144,9,1,6,0,4,-1
145,9,1,7,1,3,-1
146,9,1,8,0,4,-1
147,9,1,9,1,3,-1
148,9,1,10,0,4,-1
149,9,1,11,1,3,-1
150,9,1,12,0,4,-1
151,9,1,13,1,3,-1
152,9,1,14,0,4,-1
153,9,1,15,1,3,-1
154,9,1,16,0,4,-1
155,9,1,17,1,3,-1
156,9,1,18,0,4,0
157,10,1,1,0,4,-1
158,10,1,2,0,4,-1
159,10,1,3,0,0,-1
160,10,1,4,0,4,-1
161,10,1,5,0,4,-1
162,10,1,6,0,4,-1
163,10,1,7,0,4,-1
164,10,1,8,0,4,-1
165,10,1,9,0,0,-1
166,10,1,10,0,4,-1
167,10,1,11,0,4,-1
168,10,1,12,0,4,-1
169,10,1,13,0,4,-1
170,10,1,14,0,4,-1
171,10,1,15,0,4,-1
172,10,1,16,0,4,-1
173,10,1,17,0,4,-1
174,10,1,18,0,4,-1
175,10,1,19,0,4,-1
176,10,1,20,0,0,-1
177,10,1,21,0,4,-1
178,10,1,22,0,4,-1
179,10,1,23,0,0,-1
180,10,1,24,0,4,-1
181,10,1,25,0,4,-1
182,10,1,26,0,4,-1
183,10,1,27,0,4,-1
184,10,1,28,0,4,-1
185,10,1,29,0,4,-1
186,10,1,30,0,4,-1
187,10,1,31,0,0,-1
188,10,1,32,0,0,-1
189,10,1,33,0,4,-1
190,10,1,34,0,4,-1
191,10,1,35,0,4,-1
192,10,1,36,0,4,-1
193,10,1,37,1,3,-1
194,10,1,38,1,3,-1
195,10,1,39,1,3,-1
196,10,1,40,1,3,-1
197,10,1,41,1,3,-1
198,10,1,42,1,3,1
199,11,1,1,0,4,-1
200,11,1,2,1,3,-1
201,11,1,3,0,4,-1
202,11,1,4,1,3,-1
203,11,1,5,0,4,-1
204,11,1,6,1,3,-1
205,11,1,7,0,0,-1
206,11,1,8,1,3,-1
207,11,1,9,0,4,-1
208,11,1,10,1,3,-1
209,11,1,11,0,4,-1
210,11,1,12,1,3,-1
211,11,1,13,0,4,-1
212,11,1,14,1,3,-1
213,11,1,15,0,4,-1
214,11,1,16,0,4,-1
215,11,1,17,0,4,-1
216,11,1,18,0,4,-1
217,11,1,19,0,0,-1
218,11,1,20,0,4,0
219,12,1,1,0,4,-1
220,12,1,2,1,3,-1
221,12,1,3,0,0,-1
222,12,1,4,1,3,-1
223,12,1,5,0,0,-1
224,12,1,6,1,3,-1
225,12,1,7,0,4,-1
226,12,1,8,1,3,-1
227,12,1,9,0,4,-1
228,12,1,10,1,3,1
229,13,1,1,1,3,-1
230,13,1,2,0,4,-1
231,13,1,3,1,3,-1
232,13,1,4,0,4,-1
233,13,1,5,0,4,-1
234,13,1,6,1,3,0
235,14,1,1,0,4,-1
236,14,1,2,0,4,-1
237,14,1,3,0,4,-1
238,14,1,4,0,4,-1
239,14,1,5,0,4,-1
240,14,1,6,0,0,-1
241,14,1,7,0,4,-1
242,14,1,8,1,3,-1
243,14,1,9,1,3,-1
244,14,1,10,1,3,-1
245,14,1,11,1,3,-1
246,14,1,12,1,3,-1
247,14,1,13,1,3,-1
248,14,1,14,1,3,-1
249,14,1,15,1,3,-1
250,14,1,16,1,3,-1
251,14,1,17,0,4,0
252,15,1,1,0,4,-1
253,15,1,2,1,3,-1
254,15,1,3,0,4,-1
255,15,1,4,1,3,-1
256,15,1,5,0,4,-1
257,15,1,6,1,3,-1
258,15,1,7,0,4,-1
259,15,1,8,1,3,-1
260,15,1,9,0,4,0
261,16,1,1,0,4,-1
262,16,1,2,0,4,-1
263,16,1,3,0,4,-1
264,16,1,4,0,4,-1
265,16,1,5,0,4,-1
266,16,1,6,0,4,-1
267,16,1,7,0,4,-1
268,16,1,8,0,0,-1
269,16,1,9,0,4,-1
270,16,1,10,1,3,-1
271,16,1,11,1,3,-1
272,16,1,12,1,3,-1
273,16,1,13,1,3,-1
274,16,1,14,1,3,-1
275,16,1,15,1,3,-1
276,16,1,16,1,3,-1
277,16,1,17,1,3,-1
278,16,1,18,1,3,-1
279,16,1,19,1,3,0
280,17,1,1,0,4,-1
281,17,1,2,1,3,-1
282,17,1,3,1,3,-1
283,17,1,4,0,4,0
284,18,1,1,0,4,-1
285,18,1,2,0,4,-1
286,18,1,3,0,0,-1
287,18,1,4,0,4,-1
288,18,1,5,0,4,-1
289,18,1,6,0,4,-1
290,18,1,7,0,4,-1
291,18,1,8,0,4,-1
292,18,1,9,0,0,-1
293,18,1,10,0,4,-1
294,18,1,11,0,4,-1
295,18,1,12,1,3,-1
296,18,1,13,1,3,-1
297,18,1,14,1,3,-1
298,18,1,15,1,3,-1
299,18,1,16,1,3,-1
300,18,1,17,1,3,-1
301,18,1,18,1,3,-1
302,18,1,19,1,3,-1
303,18,1,20,0,0,-1
304,18,1,21,1,3,-1
305,18,1,22,0,0,-1
306,18,1,23,0,4,-1
307,18,1,24,0,4,-1
308,18,1,25,1,3,-1
309,18,1,26,1,3,-1
310,18,1,27,0,4,-1
311,18,1,28,1,3,-1
312,18,1,29,0,4,-1
313,18,1,30,1,3,-1
314,18,1,31,0,4,-1
315,18,1,32,1,3,-1
316,18,1,33,0,0,-1
317,18,1,34,1,3,-1
318,18,1,35,0,4,-1
319,18,1,36,1,3,-1
320,18,1,37,0,4,-1
321,18,1,38,1,3,-1
322,18,1,39,0,4,-1
323,18,1,40,1,3,-1
324,18,1,41,0,4,-1
325,18,1,42,1,3,-1
326,18,1,43,0,4,-1
327,18,1,44,1,3,-1
328,18,1,45,0,4,-1
329,18,1,46,1,3,-1
330,18,1,47,0,4,-1
331,18,1,48,1,3,-1
332,18,1,49,0,4,-1
333,18,1,50,1,3,-1
334,18,1,51,0,4,-1
335,18,1,52,0,4,-1
336,18,1,53,0,4,-1
337,18,1,54,0,4,-1
338,18,1,55,0,4,-1
339,18,1,56,0,4,-1
340,18,1,57,0,0,-1
341,18,1,58,0,4,0
342,19,1,1,1,3,-1
343,19,1,2,0,4,-1
344,19,1,3,1,3,-1
345,19,1,4,0,4,0
346,20,1,1,1,3,-1
347,20,1,2,0,4,0
348,21,1,1,0,4,-1
349,21,1,2,0,4,-1
350,21,1,3,0,4,-1
351,21,1,4,0,4,-1
352,21,1,5,0,4,-1
353,21,1,6,1,3,-1
354,21,1,7,1,3,-1
355,21,1,8,1,3,-1
356,21,1,9,1,3,-1
357,21,1,10,1,3,0
358,22,1,1,1,3,-1
359,22,1,2,1,3,-1
360,22,1,3,1,3,-1
361,22,1,4,1,3,-1
362,22,1,5,0,0,-1
363,22,1,6,0,4,-1
364,22,1,7,0,4,-1
365,22,1,8,0,0,-1
366,22,1,9,0,4,-1
367,22,1,10,0,4,-1
368,22,1,11,0,4,-1
369,22,1,12,0,4,-1
370,22,1,13,0,4,0
371,23,1,1,0,4,-1
372,23,1,2,1,3,-1
373,23,1,3,0,4,-1
374,23,1,4,1,3,0
375,24,1,1,1,3,-1
376,24,1,2,1,3,-1
377,24,1,3,1,3,-1
378,24,1,4,1,3,-1
379,24,1,5,1,3,-1
380,24,1,6,1,3,-1
381,24,1,7,1,3,-1
382,24,1,8,0,4,-1
383,24,1,9,0,4,-1
384,24,1,10,0,4,-1
385,24,1,11,0,4,-1
386,24,1,12,0,0,-1
387,24,1,13,0,4,-1
388,24,1,14,0,0,-1
389,24,1,15,0,4,1
390,25,1,1,1,3,-1
391,25,1,2,1,3,-1
392,25,1,3,1,3,-1
393,25,1,4,0,4,-1
394,25,1,5,0,4,0
395,1,2,1,0,0,-1
396,1,2,2,0,0,-1
397,1,2,3,0,0,-1
398,1,2,4,1,0,-1
399,1,2,5,1,0,-1
400,1,2,6,1,0,-1
401,1,2,7,1,0,-1
402,1,2,8,1,3,-1
403,1,2,9,0,0,-1
404,1,2,10,0,0,-1
405,1,2,11,0,4,-1
406,1,2,12,0,0,-1
407,1,2,13,0,0,-1
408,1,2,14,0,0,-1
409,1,2,15,0,0,-1
410,1,2,16,0,4,-1
411,1,2,17,0,0,-1
412,1,2,18,0,4,-1
413,1,2,19,0,0,-1
414,1,2,20,0,0,-1
415,1,2,21,0,0,-1
416,1,2,22,0,0,-1
417,1,2,23,0,0,-1
418,1,2,24,0,0,-1
419,1,2,25,0,0,-1
420,1,2,26,0,0,-1
421,1,2,27,0,0,-1
422,1,2,28,0,0,-1
423,1,2,29,0,0,-1
424,1,2,30,1,0,-1
425,1,2,31,1,0,-1
426,1,2,32,1,0,-1
427,1,2,33,1,3,-1
428,1,2,34,1,0,-1
429,1,2,35,1,0,-1
430,1,2,36,1,0,-1
431,1,2,37,1,0,-1
432,1,2,38,1,0,-1
433,1,2,39,1,0,-1
434,1,2,40,1,3,-1
435,1,2,41,1,0,-1
436,1,2,42,1,0,-1
437,1,2,43,1,0,-1
438,1,2,44,1,0,-1
439,1,2,45,1,0,-1
440,1,2,46,1,3,-1
441,1,2,47,0,4,-1
442,1,2,48,0,0,-1
443,1,2,49,0,0,-1
444,1,2,50,0,0,-1
445,1,2,51,0,0,-1
446,1,2,52,0,0,-1
447,1,2,53,0,0,-1
448,1,2,54,0,0,-1
449,1,2,55,0,0,-1
450,1,2,56,0,0,-1
451,1,2,57,0,0,-1
452,1,2,58,0,0,-1
453,1,2,59,0,4,-1
454,1,2,60,0,0,-1
455,1,2,61,0,0,-1
456,1,2,62,0,4,-1
457,1,2,63,1,0,-1
458,1,2,64,1,3,-1
459,1,2,65,0,0,-1
460,1,2,66,0,0,-1
461,1,2,67,0,0,-1
462,1,2,68,0,0,-1
463,1,2,69,0,0,-1
464,1,2,70,0,0,-1
465,1,2,71,0,0,-1
466,1,2,72,0,4,-1
467,1,2,73,0,4,-1
468,1,2,74,0,0,-1
469,1,2,75,0,0,-1
470,1,2,76,0,0,-1
471,1,2,77,0,0,-1
472,1,2,78,0,0,-1
473,1,2,79,0,0,-1
474,1,2,80,0,0,-1
475,1,2,81,0,0,-1
476,1,2,82,0,4,-1
477,1,2,83,1,0,-1
478,1,2,84,1,0,-1
479,1,2,85,1,0,-1
480,1,2,86,1,3,-1
481,1,2,87,1,0,-1
482,1,2,88,1,3,-1
483,1,2,89,1,3,1
484,2,2,1,0,0,-1
485,2,2,2,0,0,-1
486,2,2,3,0,0,-1
487,2,2,4,0,0,-1
488,2,2,5,0,0,-1
489,2,2,6,0,0,-1
490,2,2,7,0,0,-1
491,2,2,8,1,0,-1
492,2,2,9,1,0,-1
493,2,2,10,1,3,-1
494,2,2,11,1,0,-1
495,2,2,12,1,0,-1
496,2,2,13,1,0,-1
497,2,2,14,1,3,-1
498,2,2,15,1,0,-1
499,2,2,16,1,0,-1
500,2,2,17,0,0,-1
501,2,2,18,0,0,-1
502,2,2,19,0,0,-1
503,2,2,20,0,0,-1
504,2,2,21,0,0,-1
505,2,2,22,0,0,1
506,3,2,1,0,0,-1
507,3,2,2,1,3,1
508,4,2,1,0,0,-1
509,4,2,2,1,0,-1
510,4,2,3,1,0,-1
511,4,2,4,0,0,-1
512,4,2,5,0,0,-1
513,4,2,6,0,0,-1
514,4,2,7,1,0,-1
515,4,2,8,0,0,-1
516,4,2,9,1,0,-1
517,4,2,10,0,0,-1
518,4,2,11,1,3,-1
519,4,2,12,0,0,-1
520,4,2,13,0,4,1
521,5,2,1,1,0,-1
522,5,2,2,1,0,-1
523,5,2,3,1,3,-1
524,5,2,4,1,0,-1
525,5,2,5,1,3,-1
526,5,2,6,1,0,-1
527,5,2,7,0,0,-1
528,5,2,8,0,0,-1
529,5,2,9,0,0,-1
530,5,2,10,0,0,-1
531,5,2,11,0,0,1
532,6,2,1,1,0,-1
533,6,2,2,0,0,-1
534,6,2,3,1,3,-1
535,6,2,4,0,0,-1
536,6,2,5,1,0,-1
537,6,2,6,0,0,-1
538,6,2,7,0,0,-1
539,6,2,8,0,0,-1
540,6,2,9,0,0,-1
541,6,2,10,1,0,-1
542,6,2,11,1,0,-1
543,6,2,12,1,0,-1
544,6,2,13,1,0,-1
545,6,2,14,0,0,-1
546,6,2,15,1,0,-1
547,6,2,16,0,0,-1
548,6,2,17,1,3,-1
549,6,2,18,0,0,-1
550,6,2,19,1,0,-1
551,6,2,20,1,0,-1
552,6,2,21,1,0,-1
553,6,2,22,0,0,-1
554,6,2,23,0,0,-1
555,6,2,24,0,0,-1
556,6,2,25,0,0,-1
557,6,2,26,1,0,-1
558,6,2,27,1,0,-1
559,6,2,28,1,0,-1
560,6,2,29,1,3,-1
561,6,2,30,0,4,-1
562,6,2,31,1,0,-1
563,6,2,32,0,0,-1
564,6,2,33,0,0,-1
565,6,2,34,0,4,-1
566,6,2,35,1,0,-1
567,6,2,36,0,0,-1
568,6,2,37,0,0,-1
569,6,2,38,1,3,-1
570,6,2,39,0,0,-1
571,6,2,40,1,0,-1
572,6,2,41,0,4,-1
573,6,2,42,1,0,-1
574,6,2,43,0,0,-1
575,6,2,44,0,0,-1
576,6,2,45,0,0,-1
577,6,2,46,0,0,-1
578,6,2,47,1,0,-1
579,6,2,48,0,0,-1
580,6,2,49,1,0,0
581,7,2,1,1,0,-1
582,7,2,2,0,0,-1
583,7,2,3,1,0,-1
584,7,2,4,1,0,-1
585,7,2,5,1,0,-1
586,7,2,6,1,0,-1
587,7,2,7,1,0,-1
588,7,2,8,1,0,-1
589,7,2,9,1,0,-1
590,7,2,10,1,0,-1
591,7,2,11,1,0,-1
592,7,2,12,0,0,-1
593,7,2,13,0,0,-1
594,7,2,14,0,0,-1
595,7,2,15,0,4,-1
596,7,2,16,0,0,-1
597,7,2,17,0,0,-1
598,7,2,18,0,0,-1
599,7,2,19,0,4,-1
600,7,2,20,1,0,-1
601,7,2,21,1,0,-1
602,7,2,22,1,0,-1
603,7,2,23,1,0,-1
604,7,2,24,1,0,-1
605,7,2,25,1,0,-1
606,7,2,26,1,0,-1
607,7,2,27,1,3,-1
608,7,2,28,1,0,-1
609,7,2,29,1,0,-1
610,7,2,30,1,0,-1
611,7,2,31,0,0,-1
612,7,2,32,0,0,-1
613,7,2,33,0,0,-1
614,7,2,34,0,0,-1
615,7,2,35,0,0,-1
616,7,2,36,0,0,-1
617,7,2,37,0,0,-1
618,7,2,38,0,0,-1
619,7,2,39,0,0,-1
620,7,2,40,0,4,-1
621,7,2,41,0,0,-1
622,7,2,42,0,0,-1
623,7,2,43,0,0,-1
624,7,2,44,0,0,-1
625,7,2,45,1,0,0
626,8,2,1,1,0,-1
627,8,2,2,0,0,-1
628,8,2,3,1,0,-1
629,8,2,4,0,4,-1
630,8,2,5,1,0,-1
631,8,2,6,0,0,-1
632,8,2,7,1,0,-1
633,8,2,8,1,0,-1
634,8,2,9,1,0,-1
635,8,2,10,1,0,-1
636,8,2,11,0,0,-1
637,8,2,12,0,0,-1
638,8,2,13,0,0,-1
639,8,2,14,0,0,-1
640,8,2,15,0,0,-1
641,8,2,16,0,4,-1
642,8,2,17,1,3,-1
643,8,2,18,1,3,-1
644,8,2,19,1,0,-1
645,8,2,20,1,3,-1
646,8,2,21,1,0,-1
647,8,2,22,1,0,-1
648,8,2,23,1,0,-1
649,8,2,24,0,0,-1
650,8,2,25,0,0,-1
651,8,2,26,0,0,-1
652,8,2,27,0,4,0
653,9,2,1,0,4,-1
654,9,2,2,1,3,-1
655,9,2,3,0,0,-1
656,9,2,4,1,0,-1
657,9,2,5,0,0,-1
658,9,2,6,1,3,-1
659,9,2,7,0,0,-1
660,9,2,8,1,0,-1
661,9,2,9,0,0,-1
662,9,2,10,1,0,-1
663,9,2,11,0,4,-1
664,9,2,12,1,3,-1
665,9,2,13,0,0,-1
666,9,2,14,1,0,-1
667,9,2,15,1,0,-1
668,9,2,16,0,0,-1
669,9,2,17,1,0,-1
670,9,2,18,1,0,-1
671,9,2,19,1,0,-1
672,9,2,20,1,0,-1
673,9,2,21,0,4,-1
674,9,2,22,1,0,-1
675,9,2,23,0,0,-1
676,9,2,24,1,0,-1
677,9,2,25,0,0,-1
678,9,2,26,1,0,-1
679,9,2,27,0,0,-1
680,9,2,28,1,3,-1
681,9,2,29,0,0,-1
682,9,2,30,1,0,-1
683,9,2,31,0,4,-1
684,9,2,32,1,0,-1
685,9,2,33,0,0,-1
686,9,2,34,1,0,-1
687,9,2,35,0,0,-1
688,9,2,36,1,3,-1
689,9,2,37,0,0,-1
690,9,2,38,1,0,-1
691,9,2,39,0,0,1
692,10,2,1,0,0,-1
693,10,2,2,1,0,-1
694,10,2,3,0,0,-1
695,10,2,4,1,0,-1
696,10,2,5,0,0,-1
697,10,2,6,1,0,-1
698,10,2,7,0,0,-1
699,10,2,8,0,0,-1
700,10,2,9,0,0,-1
701,10,2,10,0,4,-1
702,10,2,11,0,0,-1
703,10,2,12,0,0,-1
704,10,2,13,0,0,-1
705,10,2,14,0,0,-1
706,10,2,15,1,3,-1
707,10,2,16,1,0,-1
708,10,2,17,1,3,-1
709,10,2,18,1,3,-1
710,10,2,19,1,3,-1
711,10,2,20,1,3,-1
712,10,2,21,1,3,-1
713,10,2,22,1,3,-1
714,10,2,23,0,0,-1
715,10,2,24,1,0,-1
716,10,2,25,0,0,-1
717,10,2,26,1,0,-1
718,10,2,27,1,3,-1
719,10,2,28,1,0,-1
720,10,2,29,1,0,-1
721,10,2,30,1,0,-1
722,10,2,31,1,0,-1
723,10,2,32,1,3,-1
724,10,2,33,1,3,-1
725,10,2,34,1,3,-1
726,10,2,35,1,0,-1
727,10,2,36,1,3,-1
728,10,2,37,1,0,-1
729,10,2,38,1,0,-1
730,10,2,39,1,0,-1
731,10,2,40,1,3,-1
732,10,2,41,1,0,-1
733,10,2,42,1,0,-1
734,10,2,43,1,0,-1
735,10,2,44,0,0,-1
736,10,2,45,0,0,-1
737,10,2,46,0,0,-1
738,10,2,47,0,0,-1
739,10,2,48,0,0,-1
740,10,2,49,0,0,-1
741,10,2,50,0,0,-1
742,10,2,51,0,0,-1
743,10,2,52,0,0,-1
744,10,2,53,0,4,-1
745,10,2,54,0,0,-1
746,10,2,55,0,0,-1
747,10,2,56,0,0,-1
748,10,2,57,0,4,-1
749,10,2,58,0,0,-1
750,10,2,59,0,0,-1
751,10,2,60,0,0,-1
752,10,2,61,0,0,1
753,11,2,1,0,0,-1
754,11,2,2,0,4,-1
755,11,2,3,0,0,-1
756,11,2,4,0,0,-1
757,11,2,5,0,0,-1
758,11,2,6,0,0,-1
759,11,2,7,0,0,-1
760,11,2,8,0,0,-1
761,11,2,9,1,0,-1
762,11,2,10,1,0,-1
763,11,2,11,1,0,-1
764,11,2,12,1,0,-1
765,11,2,13,1,0,-1
766,11,2,14,1,0,-1
767,11,2,15,1,0,-1
768,11,2,16,1,0,-1
769,11,2,17,1,0,-1
770,11,2,18,1,0,-1
771,11,2,19,0,0,-1
772,11,2,20,0,0,-1
773,11,2,21,0,0,-1
774,11,2,22,0,4,-1
775,11,2,23,0,0,-1
776,11,2,24,0,0,-1
777,11,2,25,0,0,-1
778,11,2,26,0,0,-1
779,11,2,27,0,0,-1
780,11,2,28,0,0,-1
781,11,2,29,0,0,-1
782,11,2,30,0,0,-1
783,11,2,31,0,0,-1
784,11,2,32,0,4,-1
785,11,2,33,0,0,-1
786,11,2,34,0,4,-1
787,11,2,35,0,0,-1
788,11,2,36,0,4,-1
789,11,2,37,0,0,-1
790,11,2,38,0,4,-1
791,11,2,39,0,0,-1
792,11,2,40,0,4,-1
793,11,2,41,0,4,-1
794,11,2,42,0,0,-1
795,11,2,43,0,0,-1
796,11,2,44,0,0,-1
797,11,2,45,0,4,-1
798,11,2,46,0,0,0
799,12,2,1,0,0,-1
800,12,2,2,1,0,-1
801,12,2,3,0,4,-1
802,12,2,4,1,0,-1
803,12,2,5,0,0,-1
804,12,2,6,1,3,-1
805,12,2,7,0,0,-1
806,12,2,8,1,0,-1
807,12,2,9,0,0,-1
808,12,2,10,1,3,-1
809,12,2,11,0,0,-1
810,12,2,12,1,0,-1
811,12,2,13,0,0,-1
812,12,2,14,1,0,-1
813,12,2,15,1,0,-1
814,12,2,16,1,0,-1
815,12,2,17,0,0,-1
816,12,2,18,0,0,-1
817,12,2,19,1,0,-1
818,12,2,20,1,3,-1
819,12,2,21,0,0,-1
820,12,2,22,1,0,-1
821,12,2,23,1,0,-1
822,12,2,24,1,3,-1
823,12,2,25,0,0,-1
824,12,2,26,1,0,-1
825,12,2,27,0,0,1
826,13,2,1,0,0,-1
827,13,2,2,1,0,1
828,14,2,1,0,0,-1
829,14,2,2,0,0,-1
830,14,2,3,0,0,-1
831,14,2,4,0,0,-1
832,14,2,5,0,0,-1
833,14,2,6,0,4,-1
834,14,2,7,0,0,-1
835,14,2,8,0,0,-1
836,14,2,9,0,4,-1
837,14,2,10,0,0,-1
838,14,2,11,0,0,-1
839,14,2,12,0,0,-1
840,14,2,13,0,0,-1
841,14,2,14,0,0,-1
842,14,2,15,1,3,-1
843,14,2,16,1,3,-1
844,14,2,17,1,0,-1
845,14,2,18,1,0,-1
846,14,2,19,1,0,-1
847,14,2,20,1,0,-1
848,14,2,21,1,3,-1
849,14,2,22,1,3,-1
850,14,2,23,1,0,-1
851,14,2,24,1,0,-1
852,14,2,25,1,0,-1
853,14,2,26,0,0,-1
854,14,2,27,0,0,-1
855,14,2,28,0,0,-1
856,14,2,29,0,0,-1
857,14,2,30,0,0,-1
858,14,2,31,0,0,-1
859,14,2,32,0,0,-1
860,14,2,33,1,0,-1
861,14,2,34,1,0,0
862,15,2,1,0,0,-1
863,15,2,2,1,0,-1
864,15,2,3,0,0,-1
865,15,2,4,1,0,-1
866,15,2,5,0,0,-1
867,15,2,6,0,0,-1
868,15,2,7,0,0,-1
869,15,2,8,1,0,-1
870,15,2,9,0,0,-1
871,15,2,10,1,3,-1
872,15,2,11,0,0,-1
873,15,2,12,1,3,-1
874,15,2,13,0,0,-1
875,15,2,14,1,0,-1
876,15,2,15,0,0,-1
877,15,2,16,1,3,-1
878,15,2,17,0,0,-1
879,15,2,18,1,0,-1
880,15,2,19,0,0,-1
881,15,2,20,1,0,-1
882,15,2,21,0,4,-1
883,15,2,22,1,0,-1
884,15,2,23,0,0,-1
885,15,2,24,1,3,-1
886,15,2,25,0,4,-1
887,15,2,26,1,0,-1
888,15,2,27,0,0,-1
889,15,2,28,1,0,-1
890,15,2,29,0,0,-1
891,15,2,30,1,0,-1
892,15,2,31,0,0,-1
893,15,2,32,1,0,-1
894,15,2,33,0,0,-1
895,15,2,34,1,3,-1
896,15,2,35,0,4,-1
897,15,2,36,1,0,-1
898,15,2,37,0,0,-1
899,15,2,38,1,0,-1
900,15,2,39,0,0,-1
901,15,2,40,1,3,-1
902,15,2,41,0,0,-1
903,15,2,42,1,0,-1
904,15,2,43,0,4,0
905,16,2,1,1,0,-1
906,16,2,2,1,0,-1
907,16,2,3,1,3,-1
908,16,2,4,1,0,-1
909,16,2,5,1,0,-1
910,16,2,6,1,0,-1
911,16,2,7,1,0,-1
912,16,2,8,0,0,-1
913,16,2,9,0,0,-1
914,16,2,10,0,0,-1
915,16,2,11,0,4,-1
916,16,2,12,0,0,-1
917,16,2,13,0,0,-1
918,16,2,14,0,0,0
919,17,2,1,1,0,-1
920,17,2,2,0,0,1
921,18,2,1,0,0,-1
922,18,2,2,1,0,-1
923,18,2,3,0,0,-1
924,18,2,4,1,0,-1
925,18,2,5,0,4,-1
926,18,2,6,1,0,-1
927,18,2,7,0,0,-1
928,18,2,8,1,0,-1
929,18,2,9,0,4,-1
930,18,2,10,1,0,-1
931,18,2,11,0,0,-1
932,18,2,12,1,0,-1
933,18,2,13,0,4,-1
934,18,2,14,1,0,-1
935,18,2,15,0,0,0
936,19,2,1,0,0,-1
937,19,2,2,1,0,-1
938,19,2,3,0,4,-1
939,19,2,4,1,0,-1
940,19,2,5,0,0,-1
941,19,2,6,1,3,-1
942,19,2,7,0,0,-1
943,19,2,8,1,0,0
944,20,2,1,0,0,-1
945,20,2,2,1,0,-1
946,20,2,3,1,0,-1
947,20,2,4,1,0,-1
948,20,2,5,1,0,-1
949,20,2,6,0,0,-1
950,20,2,7,0,0,-1
951,20,2,8,0,0,-1
952,20,2,9,0,4,-1
953,20,2,10,0,0,-1
954,20,2,11,1,0,0
955,21,2,1,0,0,-1
956,21,2,2,0,0,-1
957,21,2,3,0,0,-1
958,21,2,4,0,4,-1
959,21,2,5,0,4,-1
960,21,2,6,0,4,-1
961,21,2,7,0,0,-1
962,21,2,8,0,0,-1
963,21,2,9,1,0,-1
964,21,2,10,1,0,-1
965,21,2,11,1,3,-1
966,21,2,12,1,3,-1
967,21,2,13,0,4,-1
968,21,2,14,1,0,-1
969,21,2,15,0,0,1
970,22,2,1,0,0,-1
971,22,2,2,0,0,-1
972,22,2,3,0,4,-1
973,22,2,4,0,0,-1
974,22,2,5,0,0,-1
975,22,2,6,0,0,-1
976,22,2,7,0,0,-1
977,22,2,8,1,0,-1
978,22,2,9,1,0,-1
979,22,2,10,1,0,-1
980,22,2,11,1,3,-1
981,22,2,12,1,0,-1
982,22,2,13,1,0,-1
983,22,2,14,1,3,1
984,23,2,1,1,0,-1
985,23,2,2,0,0,-1
986,23,2,3,1,0,-1
987,23,2,4,0,0,-1
988,23,2,5,0,0,-1
989,23,2,6,1,0,1
990,24,2,1,1,0,-1
991,24,2,2,1,3,-1
992,24,2,3,1,3,-1
993,24,2,4,1,0,-1
994,24,2,5,1,0,-1
995,24,2,6,1,0,-1
996,24,2,7,1,0,-1
997,24,2,8,1,0,-1
998,24,2,9,1,0,-1
999,24,2,10,1,0,-1
1000,24,2,11,1,0,-1
1001,24,2,12,1,0,-1
1002,24,2,13,1,0,-1
1003,24,2,14,0,0,-1
1004,24,2,15,0,0,-1
1005,24,2,16,0,0,-1
1006,24,2,17,0,4,-1
1007,24,2,18,0,0,-1
1008,24,2,19,0,4,0
1009,25,2,1,1,0,-1
1010,25,2,2,0,0,-1
1011,25,2,3,1,0,-1
1012,25,2,4,0,0,-1
1013,25,2,5,1,0,-1
1014,25,2,6,0,0,-1
1015,25,2,7,1,0,1
1016,1,3,1,1,0,-1
1017,1,3,2,1,0,-1
1018,1,3,3,1,0,-1
1019,1,3,4,1,-32,-1
1020,1,3,5,1,0,-1
1021,1,3,6,1,0,-1
1022,1,3,7,1,0,-1
1023,1,3,8,1,-32,-1
1024,1,3,9,1,-32,-1
1025,1,3,10,1,0,-1
1026,1,3,11,1,0,-1
1027,1,3,12,0,-3,-1
1028,1,3,13,0,-3,-1
1029,1,3,14,0,-3,-1
1030,1,3,15,0,-3,-1
1031,1,3,16,0,-3,-1
1032,1,3,17,0,-3,-1
1033,1,3,18,0,-3,-1
1034,1,3,19,1,0,-1
1035,1,3,20,0,-3,-1
1036,1,3,21,1,0,-1
1037,1,3,22,0,-3,-1
1038,1,3,23,0,-3,-1
1039,1,3,24,0,-3,-1
1040,1,3,25,0,-3,-1
1041,1,3,26,0,-3,-1
1042,1,3,27,0,-3,-1
1043,1,3,28,0,-3,-1
1044,1,3,29,0,-3,-1
1045,1,3,30,0,-3,-1
1046,1,3,31,0,-3,-1
1047,1,3,32,1,0,-1
1048,1,3,33,0,-3,-1
1049,1,3,34,1,0,-1
1050,1,3,35,1,0,-1
1051,1,3,36,1,0,-1
1052,1,3,37,1,0,-1
1053,1,3,38,1,0,-1
1054,1,3,39,1,0,-1
1055,1,3,40,0,-3,-1
1056,1,3,41,0,-3,-1
1057,1,3,42,0,-3,-1
1058,1,3,43,0,-3,-1
1059,1,3,44,0,-3,-1
1060,1,3,45,0,-3,-1
1061,1,3,46,0,-3,-1
1062,1,3,47,0,-3,-1
1063,1,3,48,0,-3,-1
1064,1,3,49,0,-3,-1
1065,1,3,50,0,-3,-1
1066,1,3,51,0,-3,-1
1067,1,3,52,0,-3,-1
1068,1,3,53,0,-3,-1
1069,1,3,54,0,-3,-1
1070,1,3,55,0,-3,-1
1071,1,3,56,0,-3,-1
1072,1,3,57,0,-3,-1
1073,1,3,58,0,-3,-1
1074,1,3,59,0,-3,-1
1075,1,3,60,0,-3,-1
1076,1,3,61,0,-3,-1
1077,1,3,62,0,-3,-1
1078,1,3,63,0,-3,-1
1079,1,3,64,1,0,-1
1080,1,3,65,1,0,-1
1081,1,3,66,1,0,-1
1082,1,3,67,1,0,-1
1083,1,3,68,1,0,-1
1084,1,3,69,1,0,-1
1085,1,3,70,1,-32,-1
1086,1,3,71,1,0,-1
1087,1,3,72,1,0,-1
1088,1,3,73,1,0,-1
1089,1,3,74,1,0,-1
1090,1,3,75,1,0,-1
1091,1,3,76,1,0,-1
1092,1,3,77,1,0,-1
1093,1,3,78,1,-32,-1
1094,1,3,79,1,-32,-1
1095,1,3,80,1,0,-1
1096,1,3,81,1,0,-1
1097,1,3,82,1,0,-1
1098,1,3,83,1,0,-1
1099,1,3,84,1,-32,-1
1100,1,3,85,1,0,-1
1101,1,3,86,1,-32,-1
1102,1,3,87,1,0,-1
1103,1,3,88,1,0,-1
1104,1,3,89,1,0,-1
1105,1,3,90,1,0,-1
1106,1,3,91,1,0,-1
1107,1,3,92,1,0,-1
1108,1,3,93,1,0,-1
1109,1,3,94,1,0,-1
1110,1,3,95,1,0,-1
1111,1,3,96,1,0,-1
1112,1,3,97,1,0,-1
1113,1,3,98,1,0,-1
1114,1,3,99,1,0,-1
1115,1,3,100,1,0,-1
1116,1,3,101,1,0,-1
1117,1,3,102,1,0,-1
1118,1,3,103,1,0,-1
1119,1,3,104,1,0,-1
1120,1,3,105,1,0,-1
1121,1,3,106,1,0,-1
1122,1,3,107,1,0,-1
1123,1,3,108,1,0,-1
1124,1,3,109,1,0,-1
1125,1,3,110,1,0,-1
1126,1,3,111,0,-3,-1
1127,1,3,112,0,-3,-1
1128,1,3,113,0,-3,-1
1129,1,3,114,0,-3,-1
1130,1,3,115,0,-3,-1
1131,1,3,116,0,-3,-1
1132,1,3,117,0,-3,-1
1133,1,3,118,0,-3,-1
1134,1,3,119,0,-3,-1
1135,1,3,120,0,-3,-1
1136,1,3,121,0,-3,-1
1137,1,3,122,0,-3,-1
1138,1,3,123,0,-3,-1
1139,1,3,124,0,-3,-1
1140,1,3,125,0,-3,-1
1141,1,3,126,0,-3,-1
1142,1,3,127,0,-3,-1
1143,1,3,128,0,-3,-1
1144,1,3,129,0,-3,-1
1145,1,3,130,0,-3,-1
1146,1,3,131,0,-3,-1
1147,1,3,132,0,-3,-1
1148,1,3,133,0,-3,-1
1149,1,3,134,0,-3,-1
1150,1,3,135,0,-3,-1
1151,1,3,136,0,-3,-1
1152,1,3,137,0,-3,-1
1153,1,3,138,0,-3,-1
1154,1,3,139,0,-3,-1
1155,1,3,140,0,-3,-1
1156,1,3,141,0,-3,-1
1157,1,3,142,1,-32,-1
1158,1,3,143,1,0,-1
1159,1,3,144,1,0,-1
1160,1,3,145,1,0,-1
1161,1,3,146,1,0,-1
1162,1,3,147,1,0,-1
1163,1,3,148,1,0,-1
1164,1,3,149,1,0,-1
1165,1,3,150,1,0,-1
1166,1,3,151,1,0,-1
1167,1,3,152,1,0,-1
1168,1,3,153,1,0,-1
1169,1,3,154,1,0,-1
1170,1,3,155,1,0,-1
1171,1,3,156,1,0,-1
1172,1,3,157,1,0,-1
1173,1,3,158,1,0,-1
1174,1,3,159,1,0,-1
1175,1,3,160,1,0,-1
1176,1,3,161,1,0,-1
1177,1,3,162,1,0,-1
1178,1,3,163,1,0,-1
1179,1,3,164,1,0,-1
1180,1,3,165,1,0,-1
1181,1,3,166,1,0,-1
1182,1,3,167,1,0,-1
1183,1,3,168,1,0,-1
1184,1,3,169,1,0,-1
1185,1,3,170,1,0,-1
1186,1,3,171,1,0,-1
1187,1,3,172,1,0,-1
1188,1,3,173,1,0,-1
1189,1,3,174,1,0,-1
1190,1,3,175,1,0,-1
1191,1,3,176,1,0,-1
1192,1,3,177,0,-3,-1
1193,1,3,178,0,-3,-1
1194,1,3,179,0,-3,-1
1195,1,3,180,0,-3,-1
1196,1,3,181,0,-3,-1
1197,1,3,182,0,-3,-1
1198,1,3,183,1,0,-1
1199,1,3,184,1,0,-1
1200,1,3,185,1,0,-1
1201,1,3,186,1,0,-1
1202,1,3,187,1,0,-1
1203,1,3,188,1,0,-1
1204,1,3,189,0,-3,-1
1205,1,3,190,0,-3,-1
1206,1,3,191,0,-3,-1
1207,1,3,192,0,-3,-1
1208,1,3,193,0,-3,-1
1209,1,3,194,0,-3,-1
1210,1,3,195,1,0,-1
1211,1,3,196,1,0,-1
1212,1,3,197,1,0,-1
1213,1,3,198,1,0,-1
1214,1,3,199,1,0,1
1215,2,3,1,0,-3,-1
1216,2,3,2,0,-3,-1
1217,2,3,3,0,-3,-1
1218,2,3,4,0,-3,-1
1219,2,3,5,0,-3,-1
1220,2,3,6,0,-3,-1
1221,2,3,7,0,-3,-1
1222,2,3,8,0,-3,-1
1223,2,3,9,0,-3,-1
1224,2,3,10,0,-3,-1
1225,2,3,11,0,-3,-1
1226,2,3,12,0,-3,-1
1227,2,3,13,0,-3,-1
1228,2,3,14,1,0,-1
1229,2,3,15,1,0,-1
1230,2,3,16,1,0,-1
1231,2,3,17,1,0,-1
1232,2,3,18,1,0,-1
1233,2,3,19,1,0,-1
1234,2,3,20,1,0,-1
1235,2,3,21,1,0,-1
1236,2,3,22,1,0,-1
1237,2,3,23,1,0,-1
1238,2,3,24,1,0,-1
1239,2,3,25,1,0,-1
1240,2,3,26,1,0,-1
1241,2,3,27,1,0,-1
1242,2,3,28,1,0,-1
1243,2,3,29,1,0,-1
1244,2,3,30,1,0,-1
1245,2,3,31,1,0,1
1246,3,3,1,1,0,-1
1247,3,3,2,0,-3,-1
1248,3,3,3,1,0,-1
1249,3,3,4,0,-3,-1
1250,3,3,5,1,-32,-1
1251,3,3,6,0,-3,-1
1252,3,3,7,1,0,-1
1253,3,3,8,0,-3,-1
1254,3,3,9,1,0,-1
1255,3,3,10,1,0,-1
1256,3,3,11,1,0,-1
1257,3,3,12,1,0,-1
1258,3,3,13,0,-3,-1
1259,3,3,14,0,-3,-1
1260,3,3,15,0,-3,-1
1261,3,3,16,1,0,-1
1262,3,3,17,1,0,-1
1263,3,3,18,1,-32,-1
1264,3,3,19,1,0,1
1265,4,3,1,1,-32,-1
1266,4,3,2,0,-3,0
1267,5,3,1,1,0,-1
1268,5,3,2,0,-3,-1
1269,5,3,3,1,0,-1
1270,5,3,4,0,-3,-1
1271,5,3,5,1,0,-1
1272,5,3,6,0,-3,-1
1273,5,3,7,0,-3,-1
1274,5,3,8,0,-3,-1
1275,5,3,9,1,0,-1
1276,5,3,10,1,-32,-1
1277,5,3,11,1,0,-1
1278,5,3,12,1,-32,-1
1279,5,3,13,1,0,-1
1280,5,3,14,0,-3,-1
1281,5,3,15,1,0,-1
1282,5,3,16,0,-3,-1
1283,5,3,17,1,0,-1
1284,5,3,18,0,-3,1
1285,6,3,1,1,0,-1
1286,6,3,2,0,-3,-1
1287,6,3,3,1,0,-1
1288,6,3,4,0,-3,-1
1289,6,3,5,1,0,-1
1290,6,3,6,0,-3,-1
1291,6,3,7,1,0,-1
1292,6,3,8,0,-3,1
1293,7,3,1,0,-3,-1
1294,7,3,2,0,-3,-1
1295,7,3,3,0,-3,-1
1296,7,3,4,0,-3,-1
1297,7,3,5,0,-3,-1
1298,7,3,6,0,-3,-1
1299,7,3,7,0,-3,-1
1300,7,3,8,1,0,-1
1301,7,3,9,1,0,-1
1302,7,3,10,1,0,-1
1303,7,3,11,1,0,-1
1304,7,3,12,1,0,-1
1305,7,3,13,1,0,-1
1306,7,3,14,1,0,-1
1307,7,3,15,1,0,-1
1308,7,3,16,0,-3,-1
1309,7,3,17,0,-3,1
1310,8,3,1,1,0,-1
1311,8,3,2,1,0,-1
1312,8,3,3,0,-3,-1
1313,8,3,4,0,-3,-1
1314,8,3,5,0,-3,-1
1315,8,3,6,0,-3,-1
1316,8,3,7,0,-3,-1
1317,8,3,8,1,0,-1
1318,8,3,9,1,0,1
1319,9,3,1,1,0,-1
1320,9,3,2,1,0,-1
1321,9,3,3,0,-3,-1
1322,9,3,4,0,-3,-1
1323,9,3,5,0,-3,-1
1324,9,3,6,0,-3,-1
1325,9,3,7,0,-3,-1
1326,9,3,8,0,-3,-1
1327,9,3,9,0,-3,-1
1328,9,3,10,0,-3,-1
1329,9,3,11,0,-3,-1
1330,9,3,12,0,-3,-1
1331,9,3,13,1,0,-1
1332,9,3,14,1,0,-1
1333,9,3,15,1,0,-1
1334,9,3,16,1,-32,-1
1335,9,3,17,1,0,0
1336,10,3,1,1,0,-1
1337,10,3,2,0,-3,-1
1338,10,3,3,1,0,-1
1339,10,3,4,0,-3,-1
1340,10,3,5,1,0,-1
1341,10,3,6,0,-3,1
1342,11,3,1,1,0,-1
1343,11,3,2,0,-3,-1
1344,11,3,3,1,0,-1
1345,11,3,4,0,-3,-1
1346,11,3,5,1,0,-1
1347,11,3,6,1,0,-1
1348,11,3,7,1,0,-1
1349,11,3,8,1,0,-1
1350,11,3,9,0,-3,-1
1351,11,3,10,0,-3,-1
1352,11,3,11,0,-3,-1
1353,11,3,12,0,-3,-1
1354,11,3,13,0,-3,-1
1355,11,3,14,1,0,1
1356,12,3,1,1,0,-1
1357,12,3,2,1,0,-1
1358,12,3,3,1,0,-1
1359,12,3,4,1,0,-1
1360,12,3,5,1,0,-1
1361,12,3,6,1,0,-1
1362,12,3,7,1,-32,-1
1363,12,3,8,0,-3,-1
1364,12,3,9,0,-3,-1
1365,12,3,10,0,-3,-1
1366,12,3,11,0,-3,-1
1367,12,3,12,0,-3,-1
1368,12,3,13,0,-3,-1
1369,12,3,14,0,-3,-1
1370,12,3,15,1,0,-1
1371,12,3,16,1,0,-1
1372,12,3,17,1,0,-1
1373,12,3,18,1,0,-1
1374,12,3,19,1,0,-1
1375,12,3,20,1,0,-1
1376,12,3,21,1,0,-1
1377,12,3,22,1,0,-1
1378,12,3,23,1,0,-1
1379,12,3,24,1,-32,-1
1380,12,3,25,1,0,-1
1381,12,3,26,0,-3,-1
1382,12,3,27,0,-3,-1
1383,12,3,28,0,-3,-1
1384,12,3,29,0,-3,-1
1385,12,3,30,0,-3,-1
1386,12,3,31,0,-3,-1
1387,12,3,32,0,-3,-1
1388,12,3,33,0,-3,-1
1389,12,3,34,0,-3,-1
1390,12,3,35,0,-3,-1
1391,12,3,36,1,0,1
1392,13,3,1,0,-3,-1
1393,13,3,2,0,-3,-1
1394,13,3,3,0,-3,-1
1395,13,3,4,0,-3,-1
1396,13,3,5,0,-3,-1
1397,13,3,6,1,0,-1
1398,13,3,7,1,-32,-1
1399,13,3,8,1,0,-1
1400,13,3,9,1,0,-1
1401,13,3,10,1,0,-1
1402,13,3,11,1,0,-1
1403,13,3,12,1,0,-1
1404,13,3,13,1,-32,-1
1405,13,3,14,0,-3,0
1406,14,3,1,1,0,-1
1407,14,3,2,1,0,-1
1408,14,3,3,1,0,-1
1409,14,3,4,1,0,-1
1410,14,3,5,1,0,-1
1411,14,3,6,1,0,-1
1412,14,3,7,1,0,-1
1413,14,3,8,1,0,-1
1414,14,3,9,0,-3,-1
1415,14,3,10,0,-3,-1
1416,14,3,11,0,-3,-1
1417,14,3,12,0,-3,-1
1418,14,3,13,0,-3,-1
1419,14,3,14,0,-3,-1
1420,14,3,15,0,-3,1
1421,15,3,1,1,-32,-1
1422,15,3,2,1,0,-1
1423,15,3,3,1,0,-1
1424,15,3,4,1,0,-1
1425,15,3,5,1,0,-1
1426,15,3,6,1,0,-1
1427,15,3,7,1,0,-1
1428,15,3,8,1,0,-1
1429,15,3,9,1,0,-1
1430,15,3,10,1,0,-1
1431,15,3,11,1,0,-1
1432,15,3,12,1,0,-1
1433,15,3,13,1,0,-1
1434,15,3,14,1,0,-1
1435,15,3,15,1,0,-1
1436,15,3,16,1,0,-1
1437,15,3,17,0,-3,-1
1438,15,3,18,0,-3,-1
1439,15,3,19,0,-3,-1
1440,15,3,20,0,-3,-1
1441,15,3,21,0,-3,-1
1442,15,3,22,0,-3,-1
1443,15,3,23,0,-3,-1
1444,15,3,24,0,-3,-1
1445,15,3,25,0,-3,-1
1446,15,3,26,0,-3,1
1447,16,3,1,0,-3,-1
1448,16,3,2,0,-3,-1
1449,16,3,3,1,0,-1
1450,16,3,4,1,0,-1
1451,16,3,5,1,0,-1
1452,16,3,6,0,-3,-1
1453,16,3,7,0,-3,1
1454,17,3,1,1,0,-1
1455,17,3,2,1,-32,-1
1456,17,3,3,1,0,-1
1457,17,3,4,1,0,-1
1458,17,3,5,1,0,-1
1459,17,3,6,1,0,-1
1460,17,3,7,1,0,-1
1461,17,3,8,1,0,-1
1462,17,3,9,1,-32,-1
1463,17,3,10,0,-3,-1
1464,17,3,11,0,-3,-1
1465,17,3,12,0,-3,-1
1466,17,3,13,0,-3,-1
1467,17,3,14,0,-3,-1
1468,17,3,15,0,-3,-1
1469,17,3,16,0,-3,-1
1470,17,3,17,0,-3,0
1471,18,3,1,0,-3,-1
1472,18,3,2,0,-3,-1
1473,18,3,3,0,-3,-1
1474,18,3,4,1,0,1
1475,19,3,1,0,-3,-1
1476,19,3,2,1,0,-1
1477,19,3,3,0,-3,-1
1478,19,3,4,1,0,-1
1479,19,3,5,1,-32,-1
1480,19,3,6,0,-3,-1
1481,19,3,7,0,-3,-1
1482,19,3,8,0,-3,-1
1483,19,3,9,0,-3,-1
1484,19,3,10,1,0,-1
1485,19,3,11,1,0,1
1486,20,3,1,0,-3,-1
1487,20,3,2,0,-3,-1
1488,20,3,3,0,-3,-1
1489,20,3,4,0,-3,-1
1490,20,3,5,0,-3,-1
1491,20,3,6,1,0,-1
1492,20,3,7,1,0,-1
1493,20,3,8,1,0,-1
1494,20,3,9,1,-32,-1
1495,20,3,10,1,0,-1
1496,20,3,11,1,0,-1
1497,20,3,12,1,0,-1
1498,20,3,13,1,0,-1
1499,20,3,14,0,-3,-1
1500,20,3,15,0,-3,-1
1501,20,3,16,0,-3,-1
1502,20,3,17,0,-3,-1
1503,20,3,18,0,-3,-1
1504,20,3,19,0,-3,0
1505,21,3,1,1,0,-1
1506,21,3,2,0,-3,1
1507,22,3,1,1,0,-1
1508,22,3,2,1,0,-1
1509,22,3,3,0,-3,-1
1510,22,3,4,0,-3,-1
1511,22,3,5,0,-3,-1
1512,22,3,6,0,-3,-1
1513,22,3,7,0,-3,-1
1514,22,3,8,0,-3,-1
1515,22,3,9,0,-3,-1
1516,22,3,10,1,-32,-1
1517,22,3,11,1,0,-1
1518,22,3,12,1,0,1
1519,23,3,1,1,0,-1
1520,23,3,2,1,0,-1
1521,23,3,3,1,0,-1
1522,23,3,4,1,-32,-1
1523,23,3,5,1,0,-1
1524,23,3,6,0,-3,-1
1525,23,3,7,0,-3,-1
1526,23,3,8,0,-3,-1
1527,23,3,9,0,-3,0
1528,24,3,1,1,0,-1
1529,24,3,2,1,0,-1
1530,24,3,3,1,0,-1
1531,24,3,4,1,0,-1
1532,24,3,5,1,0,-1
1533,24,3,6,1,0,-1
1534,24,3,7,1,0,-1
1535,24,3,8,1,-32,-1
1536,24,3,9,1,0,-1
1537,24,3,10,1,0,-1
1538,24,3,11,0,-3,-1
1539,24,3,12,0,-3,-1
1540,24,3,13,0,-3,-1
1541,24,3,14,0,-3,-1
1542,24,3,15,0,-3,-1
1543,24,3,16,0,-3,1
1544,25,3,1,1,0,-1
1545,25,3,2,1,-32,-1
1546,25,3,3,1,0,-1
1547,25,3,4,1,0,-1
1548,25,3,5,1,0,-1
1549,25,3,6,1,0,-1
1550,25,3,7,0,-3,-1
1551,25,3,8,0,-3,-1
1552,25,3,9,0,-3,-1
1553,25,3,10,0,-3,-1
1554,25,3,11,0,-3,-1
1555,25,3,12,0,-3,-1
1556,25,3,13,0,-3,-1
1557,25,3,14,1,0,-1
1558,25,3,15,1,0,-1
1559,25,3,16,1,0,-1
1560,25,3,17,1,0,-1
1561,25,3,18,1,0,-1
1562,25,3,19,1,0,-1
1563,25,3,20,1,-32,-1
1564,25,3,21,1,0,0
1565,26,4,1,1,-4,-1
1566,26,4,2,1,-4,-1
1567,26,4,3,1,-4,-1
1568,26,4,4,1,-4,-1
1569,26,4,5,1,0,-1
1570,26,4,6,1,-4,-1
1571,26,4,7,1,-4,-1
1572,26,4,8,1,-4,-1
1573,26,4,9,1,-4,-1
1574,26,4,10,1,0,-1
1575,26,4,11,1,-4,-1
1576,26,4,12,1,0,-1
1577,26,4,13,1,0,-1
1578,26,4,14,1,-4,-1
1579,26,4,15,1,-4,-1
1580,26,4,16,1,0,-1
1581,26,4,17,1,-4,-1
1582,26,4,18,1,-4,-1
1583,26,4,19,1,-4,-1
1584,26,4,20,1,-4,-1
1585,26,4,21,1,-4,-1
1586,26,4,22,1,-4,-1
1587,26,4,23,1,-4,-1
1588,26,4,24,0,-3,-1
1589,26,4,25,0,-3,-1
1590,26,4,26,0,-3,-1
1591,26,4,27,0,-3,-1
1592,26,4,28,0,-3,-1
1593,26,4,29,0,-3,-1
1594,26,4,30,0,-3,-1
1595,26,4,31,0,-3,-1
1596,26,4,32,0,-3,-1
1597,26,4,33,0,-3,-1
1598,26,4,34,0,-3,-1
1599,26,4,35,0,-3,-1
1600,26,4,36,0,-3,-1
1601,26,4,37,0,-3,-1
1602,26,4,38,1,0,-1
1603,26,4,39,1,-4,-1
1604,26,4,40,1,-4,-1
1605,26,4,41,1,-4,-1
1606,26,4,42,1,0,-1
1607,26,4,43,1,-4,-1
1608,26,4,44,1,-4,-1
1609,26,4,45,1,-4,-1
1610,26,4,46,1,-4,-1
1611,26,4,47,1,-4,-1
1612,26,4,48,1,0,-1
1613,26,4,49,1,0,-1
1614,26,4,50,1,-4,-1
1615,26,4,51,1,0,-1
1616,26,4,52,1,-4,-1
1617,26,4,53,1,-4,-1
1618,26,4,54,1,-4,-1
1619,26,4,55,1,-4,-1
1620,26,4,56,1,-4,-1
1621,26,4,57,0,-3,-1
1622,26,4,58,0,-3,-1
1623,26,4,59,0,-3,-1
1624,26,4,60,0,-3,-1
1625,26,4,61,0,-3,-1
1626,26,4,62,0,-3,-1
1627,26,4,63,0,-3,-1
1628,26,4,64,0,-3,-1
1629,26,4,65,1,-4,-1
1630,26,4,66,1,-4,-1
1631,26,4,67,1,-4,-1
1632,26,4,68,1,-4,-1
1633,26,4,69,1,-4,-1
1634,26,4,70,1,-4,-1
1635,26,4,71,1,0,-1
1636,26,4,72,1,-4,-1
1637,26,4,73,1,-4,0
1638,27,4,1,1,-4,-1
1639,27,4,2,1,-4,-1
1640,27,4,3,1,-4,-1
1641,27,4,4,1,-4,-1
1642,27,4,5,1,0,-1
1643,27,4,6,1,-4,-1
1644,27,4,7,1,-4,-1
1645,27,4,8,1,-4,-1
1646,27,4,9,1,-4,-1
1647,27,4,10,1,-4,-1
1648,27,4,11,1,-4,-1
1649,27,4,12,1,-4,-1
1650,27,4,13,1,0,-1
1651,27,4,14,0,-3,-1
1652,27,4,15,0,-3,-1
1653,27,4,16,0,-3,-1
1654,27,4,17,0,-3,-1
1655,27,4,18,0,-3,-1
1656,27,4,19,0,-3,-1
1657,27,4,20,0,-3,-1
1658,27,4,21,0,-3,-1
1659,27,4,22,0,-3,-1
1660,27,4,23,0,-3,-1
1661,27,4,24,0,-3,-1
1662,27,4,25,0,-3,-1
1663,27,4,26,0,-3,-1
1664,27,4,27,0,-3,-1
1665,27,4,28,0,-3,-1
1666,27,4,29,0,-3,0
1667,28,4,1,0,-3,-1
1668,28,4,2,0,-3,-1
1669,28,4,3,0,-3,-1
1670,28,4,4,0,-3,-1
1671,28,4,5,0,-3,-1
1672,28,4,6,1,0,-1
1673,28,4,7,1,-4,-1
1674,28,4,8,1,-4,-1
1675,28,4,9,1,-4,-1
1676,28,4,10,1,-4,-1
1677,28,4,11,1,-4,-1
1678,28,4,12,1,0,0
1679,29,4,1,1,-4,-1
1680,29,4,2,0,-3,-1
1681,29,4,3,1,-4,-1
1682,29,4,4,0,-3,-1
1683,29,4,5,1,-4,-1
1684,29,4,6,0,-3,-1
1685,29,4,7,1,-4,-1
1686,29,4,8,1,0,-1
1687,29,4,9,1,-4,-1
1688,29,4,10,1,-4,-1
1689,29,4,11,1,-4,-1
1690,29,4,12,1,-4,-1
1691,29,4,13,1,0,-1
1692,29,4,14,1,-4,-1
1693,29,4,15,1,-4,-1
1694,29,4,16,1,-4,-1
1695,29,4,17,1,-4,-1
1696,29,4,18,0,-3,-1
1697,29,4,19,0,-3,-1
1698,29,4,20,0,-3,-1
1699,29,4,21,0,-3,-1
1700,29,4,22,0,-3,-1
1701,29,4,23,0,-3,-1
1702,29,4,24,0,-3,-1
1703,29,4,25,0,-3,-1
1704,29,4,26,0,-3,-1
1705,29,4,27,0,-3,-1
1706,29,4,28,0,-3,-1
1707,29,4,29,1,-4,-1
1708,29,4,30,1,-4,-1
1709,29,4,31,1,-4,-1
1710,29,4,32,1,-4,-1
1711,29,4,33,1,-4,-1
1712,29,4,34,1,-4,-1
1713,29,4,35,1,0,-1
1714,29,4,36,1,-4,-1
1715,29,4,37,1,0,-1
1716,29,4,38,1,-4,-1
1717,29,4,39,1,-4,-1
1718,29,4,40,1,0,-1
1719,29,4,41,1,-4,-1
1720,29,4,42,1,-4,-1
1721,29,4,43,0,-3,0
1722,30,4,1,1,-4,-1
1723,30,4,2,0,-3,-1
1724,30,4,3,1,-4,-1
1725,30,4,4,0,-3,-1
1726,30,4,5,0,-3,-1
1727,30,4,6,0,-3,-1
1728,30,4,7,0,-3,-1
1729,30,4,8,1,-4,-1
1730,30,4,9,1,0,-1
1731,30,4,10,1,-4,-1
1732,30,4,11,1,-4,-1
1733,30,4,12,1,-4,-1
1734,30,4,13,1,-4,-1
1735,30,4,14,1,-4,-1
1736,30,4,15,1,-4,-1
1737,30,4,16,0,-3,-1
1738,30,4,17,0,-3,-1
1739,30,4,18,0,-3,-1
1740,30,4,19,0,-3,-1
1741,30,4,20,0,-3,-1
1742,30,4,21,0,-3,-1
1743,30,4,22,0,-3,-1
1744,30,4,23,0,-3,-1
1745,30,4,24,0,-3,-1
1746,30,4,25,1,-4,-1
1747,30,4,26,1,-4,-1
1748,30,4,27,1,0,-1
1749,30,4,28,1,-4,-1
1750,30,4,29,1,-4,-1
1751,30,4,30,1,-4,-1
1752,30,4,31,1,-4,-1
1753,30,4,32,1,-4,-1
1754,30,4,33,1,-4,-1
1755,30,4,34,1,-4,-1
1756,30,4,35,1,0,-1
1757,30,4,36,1,-4,-1
1758,30,4,37,1,0,-1
1759,30,4,38,1,0,-1
1760,30,4,39,1,-4,-1
1761,30,4,40,1,-4,-1
1762,30,4,41,1,0,-1
1763,30,4,42,1,0,-1
1764,30,4,43,1,-4,-1
1765,30,4,44,1,-4,-1
1766,30,4,45,1,-4,-1
1767,30,4,46,1,-4,-1
1768,30,4,47,1,0,-1
1769,30,4,48,1,-4,-1
1770,30,4,49,1,-4,-1
1771,30,4,50,1,-4,-1
1772,30,4,51,1,-4,-1
1773,30,4,52,1,-4,-1
1774,30,4,53,1,-4,1
1775,31,4,1,1,-4,-1
1776,31,4,2,0,-3,-1
1777,31,4,3,1,0,-1
1778,31,4,4,0,-3,-1
1779,31,4,5,1,-4,-1
1780,31,4,6,0,-3,-1
1781,31,4,7,1,-4,-1
1782,31,4,8,0,-3,-1
1783,31,4,9,1,-4,-1
1784,31,4,10,0,-3,-1
1785,31,4,11,1,-4,0
1786,32,4,1,1,-4,-1
1787,32,4,2,1,-4,-1
1788,32,4,3,1,0,-1
1789,32,4,4,1,-4,-1
1790,32,4,5,1,0,-1
1791,32,4,6,1,-4,-1
1792,32,4,7,1,-4,-1
1793,32,4,8,1,-4,-1
1794,32,4,9,1,-4,-1
1795,32,4,10,1,-4,-1
1796,32,4,11,0,-3,-1
1797,32,4,12,0,-3,-1
1798,32,4,13,0,-3,-1
1799,32,4,14,0,-3,-1
1800,32,4,15,1,-4,-1
1801,32,4,16,1,-4,-1
1802,32,4,17,1,0,-1
1803,32,4,18,1,0,-1
1804,32,4,19,1,-4,-1
1805,32,4,20,1,-4,-1
1806,32,4,21,1,0,-1
1807,32,4,22,1,-4,-1
1808,32,4,23,1,-4,1
1809,33,4,1,1,-4,-1
1810,33,4,2,1,0,-1
1811,33,4,3,1,-4,-1
1812,33,4,4,1,-4,-1
1813,33,4,5,1,-4,-1
1814,33,4,6,0,-3,-1
1815,33,4,7,0,-3,-1
1816,33,4,8,0,-3,-1
1817,33,4,9,0,-3,-1
1818,33,4,10,1,-4,-1
1819,33,4,11,0,-3,-1
1820,33,4,12,0,-3,-1
1821,33,4,13,0,-3,-1
1822,33,4,14,0,-3,-1
1823,33,4,15,1,-4,0
1824,34,4,1,0,-3,-1
1825,34,4,2,0,-3,-1
1826,34,4,3,1,-4,-1
1827,34,4,4,1,-4,-1
1828,34,4,5,1,-4,-1
1829,34,4,6,1,-4,-1
1830,34,4,7,1,-4,-1
1831,34,4,8,1,-4,-1
1832,34,4,9,1,-4,-1
1833,34,4,10,1,0,-1
1834,34,4,11,1,0,-1
1835,34,4,12,1,-4,-1
1836,34,4,13,0,-3,-1
1837,34,4,14,0,-3,-1
1838,34,4,15,0,-3,-1
1839,34,4,16,0,-3,-1
1840,34,4,17,0,-3,-1
1841,34,4,18,0,-3,-1
1842,34,4,19,0,-3,1
1843,35,4,1,1,-4,-1
1844,35,4,2,0,-3,-1
1845,35,4,3,1,-4,-1
1846,35,4,4,0,-3,-1
1847,35,4,5,1,-4,-1
1848,35,4,6,0,-3,-1
1849,35,4,7,1,-4,-1
1850,35,4,8,0,-3,-1
1851,35,4,9,0,-3,0
1852,36,4,1,0,-3,-1
1853,36,4,2,1,-4,-1
1854,36,4,3,0,-3,-1
1855,36,4,4,1,-4,-1
1856,36,4,5,0,-3,-1
1857,36,4,6,1,0,-1
1858,36,4,7,0,-3,-1
1859,36,4,8,1,-4,-1
1860,36,4,9,0,-3,-1
1861,36,4,10,1,-4,-1
1862,36,4,11,1,-4,-1
1863,36,4,12,1,-4,-1
1864,36,4,13,0,-3,-1
1865,36,4,14,1,-4,-1
1866,36,4,15,0,-3,-1
1867,36,4,16,1,-4,-1
1868,36,4,17,0,-3,-1
1869,36,4,18,1,0,-1
1870,36,4,19,0,-3,-1
1871,36,4,20,1,-4,-1
1872,36,4,21,1,-4,-1
1873,36,4,22,1,-4,-1
1874,36,4,23,1,-4,-1
1875,36,4,24,1,-4,-1
1876,36,4,25,1,-4,-1
1877,36,4,26,1,0,-1
1878,36,4,27,1,-4,-1
1879,36,4,28,1,-4,-1
1880,36,4,29,1,-4,-1
1881,36,4,30,1,-4,-1
1882,36,4,31,1,0,-1
1883,36,4,32,1,-4,-1
1884,36,4,33,1,-4,-1
1885,36,4,34,1,-4,-1
1886,36,4,35,1,-4,-1
1887,36,4,36,1,-4,-1
1888,36,4,37,1,0,-1
1889,36,4,38,1,-4,-1
1890,36,4,39,1,0,-1
1891,36,4,40,1,-4,-1
1892,36,4,41,1,0,-1
1893,36,4,42,1,-4,-1
1894,36,4,43,1,-4,-1
1895,36,4,44,1,0,-1
1896,36,4,45,1,-4,-1
1897,36,4,46,1,-4,-1
1898,36,4,47,1,-4,-1
1899,36,4,48,1,-4,1
1900,37,4,1,0,-3,-1
1901,37,4,2,1,0,-1
1902,37,4,3,1,-4,-1
1903,37,4,4,0,-3,-1
1904,37,4,5,1,-4,-1
1905,37,4,6,0,-3,-1
1906,37,4,7,1,-4,-1
1907,37,4,8,0,-3,-1
1908,37,4,9,1,0,-1
1909,37,4,10,0,-3,-1
1910,37,4,11,1,-4,-1
1911,37,4,12,0,-3,-1
1912,37,4,13,1,-4,-1
1913,37,4,14,0,-3,-1
1914,37,4,15,1,-4,-1
1915,37,4,16,0,-3,-1
1916,37,4,17,1,-4,-1
1917,37,4,18,0,-3,-1
1918,37,4,19,1,0,-1
1919,37,4,20,0,-3,-1
1920,37,4,21,0,-3,-1
1921,37,4,22,0,-3,-1
1922,37,4,23,0,-3,-1
1923,37,4,24,1,-4,-1
1924,37,4,25,1,-4,-1
1925,37,4,26,1,-4,-1
1926,37,4,27,1,-4,1
1927,38,4,1,0,-3,-1
1928,38,4,2,0,-3,-1
1929,38,4,3,0,-3,-1
1930,38,4,4,0,-3,-1
1931,38,4,5,0,-3,-1
1932,38,4,6,0,-3,-1
1933,38,4,7,1,-4,-1
1934,38,4,8,1,-4,-1
1935,38,4,9,1,-4,-1
1936,38,4,10,1,-4,-1
1937,38,4,11,1,0,-1
1938,38,4,12,1,-4,-1
1939,38,4,13,1,-4,-1
1940,38,4,14,1,-4,-1
1941,38,4,15,1,-4,-1
1942,38,4,16,1,-4,-1
1943,38,4,17,1,-4,-1
1944,38,4,18,1,0,-1
1945,38,4,19,1,-4,0
1946,39,4,1,0,-3,-1
1947,39,4,2,0,-3,-1
1948,39,4,3,0,-3,-1
1949,39,4,4,0,-3,-1
1950,39,4,5,0,-3,-1
1951,39,4,6,1,-4,-1
1952,39,4,7,1,-4,-1
1953,39,4,8,1,-4,-1
1954,39,4,9,1,0,-1
1955,39,4,10,1,-4,-1
1956,39,4,11,1,0,-1
1957,39,4,12,1,-4,-1
1958,39,4,13,1,-4,-1
1959,39,4,14,1,0,-1
1960,39,4,15,1,-4,-1
1961,39,4,16,1,-4,-1
1962,39,4,17,1,-4,-1
1963,39,4,18,1,0,-1
1964,39,4,19,0,-3,-1
1965,39,4,20,0,-3,-1
1966,39,4,21,0,-3,-1
1967,39,4,22,0,-3,-1
1968,39,4,23,0,-3,-1
1969,39,4,24,0,-3,-1
1970,39,4,25,0,-3,-1
1971,39,4,26,0,-3,-1
1972,39,4,27,0,-3,-1
1973,39,4,28,0,-3,-1
1974,39,4,29,0,-3,-1
1975,39,4,30,0,-3,-1
1976,39,4,31,1,-4,-1
1977,39,4,32,1,0,-1
1978,39,4,33,1,-4,-1
1979,39,4,34,1,-4,-1
1980,39,4,35,1,-4,-1
1981,39,4,36,1,-4,-1
1982,39,4,37,1,0,-1
1983,39,4,38,1,-4,-1
1984,39,4,39,1,-4,-1
1985,39,4,40,1,-4,-1
1986,39,4,41,1,-4,-1
1987,39,4,42,0,-3,-1
1988,39,4,43,0,-3,-1
1989,39,4,44,0,-3,-1
1990,39,4,45,0,-3,-1
1991,39,4,46,0,-3,-1
1992,39,4,47,0,-3,-1
1993,39,4,48,0,-3,-1
1994,39,4,49,0,-3,-1
1995,39,4,50,0,-3,-1
1996,39,4,51,0,-3,-1
1997,39,4,52,0,-3,-1
1998,39,4,53,0,-3,-1
1999,39,4,54,0,-3,-1
2000,39,4,55,1,-4,-1
2001,39,4,56,1,-4,-1
2002,39,4,57,1,-4,-1
2003,39,4,58,1,-4,-1
2004,39,4,59,1,-4,-1
2005,39,4,60,1,-4,-1
2006,39,4,61,1,-4,-1
2007,39,4,62,1,-4,-1
2008,39,4,63,1,-4,-1
2009,39,4,64,0,-3,-1
2010,39,4,65,0,-3,-1
2011,39,4,66,1,-4,-1
2012,39,4,67,0,-3,0
2013,40,4,1,1,0,-1
2014,40,4,2,1,0,-1
2015,40,4,3,1,-4,-1
2016,40,4,4,1,-4,-1
2017,40,4,5,1,-4,-1
2018,40,4,6,1,0,-1
2019,40,4,7,1,-4,-1
2020,40,4,8,1,-4,-1
2021,40,4,9,1,-4,-1
2022,40,4,10,1,-4,-1
2023,40,4,11,1,-4,-1
2024,40,4,12,1,-4,-1
2025,40,4,13,1,0,-1
2026,40,4,14,1,-4,-1
2027,40,4,15,0,-3,-1
2028,40,4,16,0,-3,-1
2029,40,4,17,0,-3,-1
2030,40,4,18,0,-3,-1
2031,40,4,19,0,-3,-1
2032,40,4,20,0,-3,-1
2033,40,4,21,0,-3,-1
2034,40,4,22,0,-3,-1
2035,40,4,23,0,-3,-1
2036,40,4,24,0,-3,-1
2037,40,4,25,0,-3,-1
2038,40,4,26,0,-3,1
2039,41,4,1,0,-3,-1
2040,41,4,2,0,-3,-1
2041,41,4,3,0,-3,-1
2042,41,4,4,1,0,-1
2043,41,4,5,1,-4,-1
2044,41,4,6,1,-4,-1
2045,41,4,7,1,-4,-1
2046,41,4,8,0,-3,-1
2047,41,4,9,0,-3,-1
2048,41,4,10,1,-4,-1
2049,41,4,11,1,-4,-1
2050,41,4,12,0,-3,-1
2051,41,4,13,0,-3,-1
2052,41,4,14,1,-4,0
2053,42,4,1,0,-3,-1
2054,42,4,2,1,-4,-1
2055,42,4,3,1,0,-1
2056,42,4,4,0,-3,-1
2057,42,4,5,0,-3,-1
2058,42,4,6,1,-4,-1
2059,42,4,7,1,0,-1
2060,42,4,8,0,-3,1
2061,43,4,1,0,-3,-1
2062,43,4,2,0,-3,-1
2063,43,4,3,0,-3,-1
2064,43,4,4,0,-3,-1
2065,43,4,5,0,-3,-1
2066,43,4,6,0,-3,-1
2067,43,4,7,0,-3,-1
2068,43,4,8,0,-3,-1
2069,43,4,9,1,0,-1
2070,43,4,10,1,-4,-1
2071,43,4,11,1,-4,-1
2072,43,4,12,1,-4,-1
2073,43,4,13,1,0,-1
2074,43,4,14,1,-4,-1
2075,43,4,15,1,-4,-1
2076,43,4,16,1,-4,-1
2077,43,4,17,1,-4,-1
2078,43,4,18,1,-4,0
2079,44,4,1,1,-4,-1
2080,44,4,2,0,-3,0
2081,45,4,1,1,-4,-1
2082,45,4,2,1,-4,-1
2083,45,4,3,0,-3,-1
2084,45,4,4,0,-3,-1
2085,45,4,5,0,-3,-1
2086,45,4,6,0,-3,-1
2087,45,4,7,1,-4,-1
2088,45,4,8,1,-4,-1
2089,45,4,9,1,0,-1
2090,45,4,10,1,-4,-1
2091,45,4,11,0,-3,-1
2092,45,4,12,0,-3,-1
2093,45,4,13,0,-3,-1
2094,45,4,14,1,0,-1
2095,45,4,15,1,-4,-1
2096,45,4,16,1,-4,-1
2097,45,4,17,1,-4,-1
2098,45,4,18,1,-4,-1
2099,45,4,19,1,0,1
2100,46,4,1,0,-3,-1
2101,46,4,2,1,0,-1
2102,46,4,3,1,-4,-1
2103,46,4,4,1,-4,-1
2104,46,4,5,0,-3,-1
2105,46,4,6,0,-3,-1
2106,46,4,7,1,-4,-1
2107,46,4,8,1,-4,-1
2108,46,4,9,1,-4,0
2109,47,4,1,0,-3,-1
2110,47,4,2,0,-3,-1
2111,47,4,3,1,-4,-1
2112,47,4,4,1,-4,-1
2113,47,4,5,1,-4,-1
2114,47,4,6,0,-3,-1
2115,47,4,7,0,-3,-1
2116,47,4,8,0,-3,-1
2117,47,4,9,0,-3,-1
2118,47,4,10,1,0,-1
2119,47,4,11,1,-4,-1
2120,47,4,12,1,-4,-1
2121,47,4,13,1,-4,-1
2122,47,4,14,1,-4,-1
2123,47,4,15,1,-4,-1
2124,47,4,16,1,-4,-1
2125,47,4,17,1,-4,-1
2126,47,4,18,1,-4,-1
2127,47,4,19,0,-3,-1
2128,47,4,20,0,-3,-1
2129,47,4,21,0,-3,-1
2130,47,4,22,1,-4,-1
2131,47,4,23,1,0,-1
2132,47,4,24,1,-4,-1
2133,47,4,25,0,-3,-1
2134,47,4,26,0,-3,-1
2135,47,4,27,1,-4,1
2136,48,4,1,1,-4,-1
2137,48,4,2,1,-4,-1
2138,48,4,3,1,0,-1
2139,48,4,4,1,0,-1
2140,48,4,5,1,-4,-1
2141,48,4,6,1,-4,-1
2142,48,4,7,1,-4,-1
2143,48,4,8,1,-4,-1
2144,48,4,9,1,-4,-1
2145,48,4,10,1,-4,-1
2146,48,4,11,0,-3,-1
2147,48,4,12,0,-3,-1
2148,48,4,13,0,-3,-1
2149,48,4,14,0,-3,-1
2150,48,4,15,0,-3,-1
2151,48,4,16,0,-3,-1
2152,48,4,17,0,-3,-1
2153,48,4,18,0,-3,-1
2154,48,4,19,0,-3,-1
2155,48,4,20,0,-3,-1
2156,48,4,21,1,-4,0
2157,49,4,1,1,0,-1
2158,49,4,2,1,-4,-1
2159,49,4,3,1,-4,-1
2160,49,4,4,1,-4,-1
2161,49,4,5,0,-3,-1
2162,49,4,6,0,-3,-1
2163,49,4,7,0,-3,-1
2164,49,4,8,0,-3,-1
2165,49,4,9,0,-3,-1
2166,49,4,10,1,-4,-1
2167,49,4,11,0,-3,-1
2168,49,4,12,1,-4,-1
2169,49,4,13,0,-3,-1
2170,49,4,14,1,-4,-1
2171,49,4,15,1,-4,-1
2172,49,4,16,1,0,-1
2173,49,4,17,1,-4,-1
2174,49,4,18,1,-4,-1
2175,49,4,19,0,-3,-1
2176,49,4,20,0,-3,-1
2177,49,4,21,0,-3,-1
2178,49,4,22,1,-4,-1
2179,49,4,23,0,-3,-1
2180,49,4,24,1,-4,-1
2181,49,4,25,1,-4,-1
2182,49,4,26,1,-4,-1
2183,49,4,27,1,0,-1
2184,49,4,28,1,-4,-1
2185,49,4,29,1,0,1
2186,50,4,1,0,-3,-1
2187,50,4,2,1,-4,-1
2188,50,4,3,1,-4,-1
2189,50,4,4,1,-4,-1
2190,50,4,5,1,-4,-1
2191,50,4,6,1,-4,-1
2192,50,4,7,0,-3,-1
2193,50,4,8,0,-3,-1
2194,50,4,9,0,-3,-1
2195,50,4,10,0,-3,-1
2196,50,4,11,1,-4,-1
2197,50,4,12,0,-3,-1
2198,50,4,13,1,0,-1
2199,50,4,14,1,-4,-1
2200,50,4,15,1,-4,-1
2201,50,4,16,1,-4,-1
2202,50,4,17,1,-4,-1
2203,50,4,18,1,-4,-1
2204,50,4,19,1,-4,-1
2205,50,4,20,1,-4,-1
2206,50,4,21,1,-4,-1
2207,50,4,22,1,-4,-1
2208,50,4,23,1,-4,-1
2209,50,4,24,1,-4,-1
2210,50,4,25,1,0,-1
2211,50,4,26,1,-4,-1
2212,50,4,27,0,-3,-1
2213,50,4,28,0,-3,-1
2214,50,4,29,0,-3,-1
2215,50,4,30,0,-3,-1
2216,50,4,31,0,-3,-1
2217,50,4,32,0,-3,-1
2218,50,4,33,0,-3,-1
2219,50,4,34,0,-3,-1
2220,50,4,35,0,-3,-1
2221,50,4,36,0,-3,-1
2222,50,4,37,0,-3,-1
2223,50,4,38,0,-3,-1
2224,50,4,39,0,-3,-1
2225,50,4,40,0,-3,-1
2226,50,4,41,0,-3,-1
2227,50,4,42,0,-3,-1
2228,50,4,43,0,-3,-1
2229,50,4,44,0,-3,-1
2230,50,4,45,0,-3,-1
2231,50,4,46,0,-3,-1
2232,50,4,47,1,-4,-1
2233,50,4,48,1,-4,-1
2234,50,4,49,1,-4,-1
2235,50,4,50,1,-4,-1
2236,50,4,51,1,-4,-1
2237,50,4,52,1,-4,-1
2238,50,4,53,1,-4,-1
2239,50,4,54,1,-4,-1
2240,50,4,55,1,-4,-1
2241,50,4,56,1,-4,-1
2242,50,4,57,1,0,-1
2243,50,4,58,1,-4,-1
2244,50,4,59,1,-4,-1
2245,50,4,60,1,-4,-1
2246,50,4,61,1,-4,-1
2247,50,4,62,1,-4,-1
2248,50,4,63,1,-4,-1
2249,50,4,64,1,-4,-1
2250,50,4,65,1,-4,-1
2251,50,4,66,1,0,-1
2252,50,4,67,1,-4,-1
2253,50,4,68,1,-4,-1
2254,50,4,69,1,-4,-1
2255,50,4,70,1,0,1
2256,26,5,1,1,3,-1
2257,26,5,2,1,3,-1
2258,26,5,3,1,3,-1
2259,26,5,4,1,3,-1
2260,26,5,5,0,32,-1
2261,26,5,6,0,0,-1
2262,26,5,7,0,0,-1
2263,26,5,8,0,0,-1
2264,26,5,9,0,0,-1
2265,26,5,10,0,0,-1
2266,26,5,11,0,0,-1
2267,26,5,12,0,0,-1
2268,26,5,13,0,32,-1
2269,26,5,14,0,0,-1
2270,26,5,15,0,32,-1
2271,26,5,16,0,0,-1
2272,26,5,17,0,0,-1
2273,26,5,18,1,3,-1
2274,26,5,19,1,3,-1
2275,26,5,20,1,3,-1
2276,26,5,21,1,3,-1
2277,26,5,22,1,3,-1
2278,26,5,23,0,0,-1
2279,26,5,24,0,0,-1
2280,26,5,25,0,0,-1
2281,26,5,26,0,0,-1
2282,26,5,27,0,0,-1
2283,26,5,28,1,3,1
2284,27,5,1,0,0,-1
2285,27,5,2,0,0,-1
2286,27,5,3,0,0,-1
2287,27,5,4,0,0,-1
2288,27,5,5,0,0,-1
2289,27,5,6,0,0,-1
2290,27,5,7,0,0,-1
2291,27,5,8,0,0,-1
2292,27,5,9,0,0,-1
2293,27,5,10,0,0,-1
2294,27,5,11,0,0,-1
2295,27,5,12,1,3,-1
2296,27,5,13,1,3,-1
2297,27,5,14,1,3,1
2298,28,5,1,1,3,-1
2299,28,5,2,1,3,-1
2300,28,5,3,1,3,-1
2301,28,5,4,0,0,-1
2302,28,5,5,0,0,-1
2303,28,5,6,0,0,-1
2304,28,5,7,0,0,-1
2305,28,5,8,1,3,1
2306,29,5,1,0,0,-1
2307,29,5,2,1,3,1
2308,30,5,1,0,0,-1
2309,30,5,2,1,3,-1
2310,30,5,3,0,0,-1
2311,30,5,4,1,3,-1
2312,30,5,5,1,3,-1
2313,30,5,6,1,3,-1
2314,30,5,7,1,3,-1
2315,30,5,8,1,3,-1
2316,30,5,9,0,0,-1
2317,30,5,10,0,0,-1
2318,30,5,11,0,0,-1
2319,30,5,12,0,0,-1
2320,30,5,13,0,0,-1
2321,30,5,14,1,3,-1
2322,30,5,15,1,3,-1
2323,30,5,16,1,3,1
2324,31,5,1,0,0,-1
2325,31,5,2,1,3,-1
2326,31,5,3,0,0,-1
2327,31,5,4,1,3,-1
2328,31,5,5,0,0,-1
2329,31,5,6,1,3,-1
2330,31,5,7,0,0,-1
2331,31,5,8,1,3,1
2332,32,5,1,1,3,-1
2333,32,5,2,1,3,-1
2334,32,5,3,1,3,-1
2335,32,5,4,1,3,-1
2336,32,5,5,0,0,-1
2337,32,5,6,0,0,-1
2338,32,5,7,0,32,-1
2339,32,5,8,0,0,-1
2340,32,5,9,0,0,-1
2341,32,5,10,0,0,-1
2342,32,5,11,0,0,-1
2343,32,5,12,0,0,-1
2344,32,5,13,0,32,-1
2345,32,5,14,0,0,-1
2346,32,5,15,0,0,-1
2347,32,5,16,0,0,-1
2348,32,5,17,0,0,-1
2349,32,5,18,0,32,-1
2350,32,5,19,0,0,-1
2351,32,5,20,0,0,-1
2352,32,5,21,0,0,-1
2353,32,5,22,0,0,0
2354,33,5,1,1,3,-1
2355,33,5,2,0,0,-1
2356,33,5,3,1,3,-1
2357,33,5,4,1,3,-1
2358,33,5,5,1,3,-1
2359,33,5,6,0,0,-1
2360,33,5,7,0,0,1
2361,34,5,1,1,3,-1
2362,34,5,2,1,3,-1
2363,34,5,3,1,3,-1
2364,34,5,4,0,0,-1
2365,34,5,5,0,0,-1
2366,34,5,6,0,0,-1
2367,34,5,7,0,0,-1
2368,34,5,8,0,0,-1
2369,34,5,9,0,0,-1
2370,34,5,10,0,0,-1
2371,34,5,11,0,0,-1
2372,34,5,12,1,3,-1
2373,34,5,13,1,3,-1
2374,34,5,14,1,3,-1
2375,34,5,15,1,3,-1
2376,34,5,16,1,3,-1
2377,34,5,17,1,3,-1
2378,34,5,18,1,3,1
2379,35,5,1,0,0,-1
2380,35,5,2,1,3,-1
2381,35,5,3,0,0,-1
2382,35,5,4,1,3,-1
2383,35,5,5,0,0,-1
2384,35,5,6,1,3,-1
2385,35,5,7,0,0,-1
2386,35,5,8,1,3,-1
2387,35,5,9,0,0,-1
2388,35,5,10,1,3,1
2389,36,5,1,1,3,-1
2390,36,5,2,0,0,-1
2391,36,5,3,1,3,-1
2392,36,5,4,1,3,-1
2393,36,5,5,1,3,-1
2394,36,5,6,0,0,-1
2395,36,5,7,0,0,-1
2396,36,5,8,0,0,-1
2397,36,5,9,1,3,1
2398,37,5,1,0,0,-1
2399,37,5,2,0,0,-1
2400,37,5,3,0,0,-1
2401,37,5,4,0,0,-1
2402,37,5,5,0,0,-1
2403,37,5,6,1,3,1
2404,38,5,1,0,32,-1
2405,38,5,2,0,0,-1
2406,38,5,3,0,32,-1
2407,38,5,4,0,0,-1
2408,38,5,5,0,0,-1
2409,38,5,6,0,0,-1
2410,38,5,7,0,0,-1
2411,38,5,8,0,0,-1
2412,38,5,9,0,0,-1
2413,38,5,10,0,0,-1
2414,38,5,11,0,0,-1
2415,38,5,12,0,0,-1
2416,38,5,13,0,0,-1
2417,38,5,14,0,0,-1
2418,38,5,15,0,0,-1
2419,38,5,16,0,0,-1
2420,38,5,17,0,0,-1
2421,38,5,18,0,0,-1
2422,38,5,19,0,0,-1
2423,38,5,20,1,3,-1
2424,38,5,21,1,3,-1
2425,38,5,22,1,3,-1
2426,38,5,23,1,3,-1
2427,38,5,24,1,3,-1
2428,38,5,25,1,3,-1
2429,38,5,26,1,3,-1
2430,38,5,27,1,3,-1
2431,38,5,28,1,3,-1
2432,38,5,29,1,3,-1
2433,38,5,30,1,3,-1
2434,38,5,31,1,3,1
2435,39,5,1,0,0,-1
2436,39,5,2,0,0,-1
2437,39,5,3,0,0,-1
2438,39,5,4,0,0,-1
2439,39,5,5,0,0,-1
2440,39,5,6,1,3,-1
2441,39,5,7,1,3,-1
2442,39,5,8,1,3,-1
2443,39,5,9,1,3,-1
2444,39,5,10,1,3,1
2445,40,5,1,1,3,-1
2446,40,5,2,1,3,-1
2447,40,5,3,1,3,-1
2448,40,5,4,1,3,-1
2449,40,5,5,1,3,-1
2450,40,5,6,1,3,-1
2451,40,5,7,1,3,-1
2452,40,5,8,1,3,-1
2453,40,5,9,1,3,-1
2454,40,5,10,1,3,-1
2455,40,5,11,1,3,-1
2456,40,5,12,1,3,-1
2457,40,5,13,1,3,-1
2458,40,5,14,1,3,-1
2459,40,5,15,1,3,-1
2460,40,5,16,1,3,-1
2461,40,5,17,0,0,-1
2462,40,5,18,0,0,-1
2463,40,5,19,0,0,-1
2464,40,5,20,0,0,-1
2465,40,5,21,0,0,-1
2466,40,5,22,0,0,-1
2467,40,5,23,0,0,-1
2468,40,5,24,0,32,-1
2469,40,5,25,0,0,-1
2470,40,5,26,0,0,-1
2471,40,5,27,0,0,1
2472,41,5,1,0,0,-1
2473,41,5,2,0,0,-1
2474,41,5,3,0,0,-1
2475,41,5,4,1,3,-1
2476,41,5,5,1,3,-1
2477,41,5,6,1,3,1
2478,42,5,1,1,3,-1
2479,42,5,2,1,3,-1
2480,42,5,3,1,3,-1
2481,42,5,4,1,3,-1
2482,42,5,5,1,3,-1
2483,42,5,6,1,3,-1
2484,42,5,7,0,0,-1
2485,42,5,8,0,0,-1
2486,42,5,9,0,0,-1
2487,42,5,10,0,0,-1
2488,42,5,11,0,0,-1
2489,42,5,12,0,0,1
2490,43,5,1,0,32,-1
2491,43,5,2,0,0,-1
2492,43,5,3,0,0,-1
2493,43,5,4,0,0,-1
2494,43,5,5,0,0,-1
2495,43,5,6,0,0,-1
2496,43,5,7,0,0,-1
2497,43,5,8,0,0,-1
2498,43,5,9,0,0,-1
2499,43,5,10,1,3,-1
2500,43,5,11,1,3,-1
2501,43,5,12,1,3,-1
2502,43,5,13,1,3,-1
2503,43,5,14,1,3,-1
2504,43,5,15,1,3,-1
2505,43,5,16,1,3,-1
2506,43,5,17,1,3,-1
2507,43,5,18,1,3,-1
2508,43,5,19,1,3,-1
2509,43,5,20,1,3,0
2510,44,5,1,0,0,-1
2511,44,5,2,1,3,1
2512,45,5,1,1,3,-1
2513,45,5,2,1,3,-1
2514,45,5,3,1,3,-1
2515,45,5,4,0,0,-1
2516,45,5,5,0,32,-1
2517,45,5,6,0,0,-1
2518,45,5,7,0,0,-1
2519,45,5,8,0,0,-1
2520,45,5,9,0,32,-1
2521,45,5,10,1,3,-1
2522,45,5,11,1,3,-1
2523,45,5,12,0,0,-1
2524,45,5,13,0,0,-1
2525,45,5,14,0,0,-1
2526,45,5,15,0,0,-1
2527,45,5,16,0,0,-1
2528,45,5,17,0,0,0
2529,46,5,1,0,0,-1
2530,46,5,2,1,3,0
2531,47,5,1,1,3,-1
2532,47,5,2,1,3,-1
2533,47,5,3,1,3,-1
2534,47,5,4,1,3,-1
2535,47,5,5,0,0,-1
2536,47,5,6,0,0,-1
2537,47,5,7,0,0,-1
2538,47,5,8,0,0,-1
2539,47,5,9,0,32,-1
2540,47,5,10,0,0,-1
2541,47,5,11,0,0,-1
2542,47,5,12,0,0,-1
2543,47,5,13,0,0,-1
2544,47,5,14,0,0,-1
2545,47,5,15,0,0,-1
2546,47,5,16,0,0,-1
2547,47,5,17,0,0,-1
2548,47,5,18,1,3,-1
2549,47,5,19,1,3,-1
2550,47,5,20,1,3,-1
2551,47,5,21,1,3,-1
2552,47,5,22,1,3,-1
2553,47,5,23,1,3,-1
2554,47,5,24,0,0,-1
2555,47,5,25,0,0,-1
2556,47,5,26,0,0,-1
2557,47,5,27,0,0,-1
2558,47,5,28,0,0,-1
2559,47,5,29,0,0,-1
2560,47,5,30,0,32,-1
2561,47,5,31,1,3,-1
2562,47,5,32,0,0,-1
2563,47,5,33,0,32,-1
2564,47,5,34,1,3,-1
2565,47,5,35,0,0,-1
2566,47,5,36,0,0,-1
2567,47,5,37,0,0,-1
2568,47,5,38,0,0,-1
2569,47,5,39,0,0,-1
2570,47,5,40,0,0,0
2571,48,5,1,0,0,-1
2572,48,5,2,0,0,-1
2573,48,5,3,0,0,-1
2574,48,5,4,0,0,-1
2575,48,5,5,0,0,-1
2576,48,5,6,0,0,-1
2577,48,5,7,0,0,-1
2578,48,5,8,1,3,-1
2579,48,5,9,1,3,-1
2580,48,5,10,1,3,1
2581,49,5,1,1,3,-1
2582,49,5,2,0,0,-1
2583,49,5,3,1,3,-1
2584,49,5,4,1,3,-1
2585,49,5,5,1,3,-1
2586,49,5,6,1,3,-1
2587,49,5,7,0,0,-1
2588,49,5,8,0,0,-1
2589,49,5,9,0,0,-1
2590,49,5,10,0,0,-1
2591,49,5,11,0,0,-1
2592,49,5,12,0,0,-1
2593,49,5,13,0,0,-1
2594,49,5,14,0,0,1
2595,50,5,1,1,3,-1
2596,50,5,2,1,3,-1
2597,50,5,3,0,0,-1
2598,50,5,4,1,3,-1
2599,50,5,5,1,3,-1
2600,50,5,6,1,3,-1
2601,50,5,7,0,0,-1
2602,50,5,8,0,0,-1
2603,50,5,9,0,0,-1
2604,50,5,10,0,0,-1
2605,50,5,11,0,32,-1
2606,50,5,12,0,0,-1
2607,50,5,13,0,0,-1
2608,50,5,14,0,0,-1
2609,50,5,15,0,0,-1
2610,50,5,16,0,0,-1
2611,50,5,17,0,0,-1
2612,50,5,18,0,0,-1
2613,50,5,19,0,0,-1
2614,50,5,20,0,0,-1
2615,50,5,21,0,0,-1
2616,50,5,22,0,0,-1
2617,50,5,23,0,0,-1
2618,50,5,24,0,0,-1
2619,50,5,25,0,0,-1
2620,50,5,26,1,3,-1
2621,50,5,27,1,3,-1
2622,50,5,28,1,3,-1
2623,50,5,29,1,3,-1
2624,50,5,30,0,0,-1
2625,50,5,31,0,0,-1
2626,50,5,32,0,0,-1
2627,50,5,33,1,3,-1
2628,50,5,34,1,3,1
2629,26,6,1,0,0,-1
2630,26,6,2,0,0,-1
2631,26,6,3,0,0,-1
2632,26,6,4,0,0,-1
2633,26,6,5,0,0,-1
2634,26,6,6,1,0,-1
2635,26,6,7,1,3,-1
2636,26,6,8,1,0,-1
2637,26,6,9,1,3,-1
2638,26,6,10,1,0,-1
2639,26,6,11,1,3,-1
2640,26,6,12,1,0,-1
2641,26,6,13,0,0,-1
2642,26,6,14,0,0,-1
2643,26,6,15,0,0,-1
2644,26,6,16,0,0,-1
2645,26,6,17,0,0,-1
2646,26,6,18,0,0,-1
2647,26,6,19,0,0,-1
2648,26,6,20,0,0,-1
2649,26,6,21,0,0,-1
2650,26,6,22,0,0,-1
2651,26,6,23,0,0,-1
2652,26,6,24,0,0,-1
2653,26,6,25,0,0,-1
2654,26,6,26,0,0,-1
2655,26,6,27,0,0,-1
2656,26,6,28,0,0,-1
2657,26,6,29,0,0,-1
2658,26,6,30,1,0,-1
2659,26,6,31,1,3,-1
2660,26,6,32,1,0,-1
2661,26,6,33,1,3,-1
2662,26,6,34,1,0,-1
2663,26,6,35,1,0,-1
2664,26,6,36,1,0,-1
2665,26,6,37,1,0,-1
2666,26,6,38,1,3,1
2667,27,6,1,0,0,-1
2668,27,6,2,0,0,-1
2669,27,6,3,0,0,-1
2670,27,6,4,0,0,-1
2671,27,6,5,0,0,-1
2672,27,6,6,1,0,-1
2673,27,6,7,1,3,-1
2674,27,6,8,1,3,-1
2675,27,6,9,1,0,1
2676,28,6,1,0,0,-1
2677,28,6,2,0,0,-1
2678,28,6,3,0,0,-1
2679,28,6,4,1,0,-1
2680,28,6,5,1,0,-1
2681,28,6,6,1,0,-1
2682,28,6,7,1,3,-1
2683,28,6,8,0,0,-1
2684,28,6,9,0,0,-1
2685,28,6,10,0,0,-1
2686,28,6,11,0,0,-1
2687,28,6,12,0,0,1
2688,29,6,1,0,0,-1
2689,29,6,2,1,0,-1
2690,29,6,3,0,0,-1
2691,29,6,4,1,3,1
2692,30,6,1,0,0,-1
2693,30,6,2,1,0,-1
2694,30,6,3,1,0,-1
2695,30,6,4,0,0,-1
2696,30,6,5,1,3,-1
2697,30,6,6,0,32,-1
2698,30,6,7,1,0,-1
2699,30,6,8,0,0,-1
2700,30,6,9,0,0,-1
2701,30,6,10,1,0,-1
2702,30,6,11,0,0,-1
2703,30,6,12,1,0,-1
2704,30,6,13,0,0,-1
2705,30,6,14,0,0,-1
2706,30,6,15,0,0,-1
2707,30,6,16,0,0,-1
2708,30,6,17,0,0,-1
2709,30,6,18,0,0,-1
2710,30,6,19,0,0,-1
2711,30,6,20,0,0,-1
2712,30,6,21,1,0,-1
2713,30,6,22,1,3,-1
2714,30,6,23,1,3,-1
2715,30,6,24,1,0,-1
2716,30,6,25,1,0,-1
2717,30,6,26,1,0,-1
2718,30,6,27,1,0,-1
2719,30,6,28,0,0,-1
2720,30,6,29,1,0,-1
2721,30,6,30,0,0,-1
2722,30,6,31,1,3,-1
2723,30,6,32,1,0,-1
2724,30,6,33,0,0,-1
2725,30,6,34,0,0,-1
2726,30,6,35,0,0,-1
2727,30,6,36,0,0,-1
2728,30,6,37,0,0,-1
2729,30,6,38,0,0,-1
2730,30,6,39,1,0,-1
2731,30,6,40,1,0,-1
2732,30,6,41,1,0,-1
2733,30,6,42,1,0,-1
2734,30,6,43,0,0,-1
2735,30,6,44,0,0,-1
2736,30,6,45,0,0,-1
2737,30,6,46,0,0,-1
2738,30,6,47,1,0,-1
2739,30,6,48,1,0,-1
2740,30,6,49,1,3,1
2741,31,6,1,1,0,-1
2742,31,6,2,0,0,-1
2743,31,6,3,1,0,-1
2744,31,6,4,0,0,-1
2745,31,6,5,1,0,-1
2746,31,6,6,0,0,-1
2747,31,6,7,1,0,-1
2748,31,6,8,0,0,-1
2749,31,6,9,1,0,-1
2750,31,6,10,0,0,1
2751,32,6,1,0,0,-1
2752,32,6,2,0,0,-1
2753,32,6,3,0,0,-1
2754,32,6,4,0,32,-1
2755,32,6,5,0,0,-1
2756,32,6,6,0,0,-1
2757,32,6,7,0,0,-1
2758,32,6,8,0,0,-1
2759,32,6,9,0,0,-1
2760,32,6,10,0,0,-1
2761,32,6,11,0,0,-1
2762,32,6,12,0,0,-1
2763,32,6,13,0,0,-1
2764,32,6,14,0,0,-1
2765,32,6,15,1,0,-1
2766,32,6,16,1,0,-1
2767,32,6,17,1,0,-1
2768,32,6,18,1,0,-1
2769,32,6,19,1,0,-1
2770,32,6,20,1,0,-1
2771,32,6,21,1,0,-1
2772,32,6,22,1,3,-1
2773,32,6,23,1,0,-1
2774,32,6,24,1,0,-1
2775,32,6,25,1,3,-1
2776,32,6,26,1,0,-1
2777,32,6,27,1,0,-1
2778,32,6,28,1,0,-1
2779,32,6,29,1,3,-1
2780,32,6,30,1,0,-1
2781,32,6,31,1,0,-1
2782,32,6,32,1,3,-1
2783,32,6,33,1,0,-1
2784,32,6,34,1,0,-1
2785,32,6,35,1,3,-1
2786,32,6,36,0,0,-1
2787,32,6,37,0,0,-1
2788,32,6,38,0,0,-1
2789,32,6,39,0,0,-1
2790,32,6,40,0,0,-1
2791,32,6,41,0,0,-1
2792,32,6,42,0,0,-1
2793,32,6,43,0,0,-1
2794,32,6,44,0,0,-1
2795,32,6,45,0,0,0
2796,33,6,1,0,0,-1
2797,33,6,2,1,0,-1
2798,33,6,3,0,0,-1
2799,33,6,4,0,0,-1
2800,33,6,5,0,0,-1
2801,33,6,6,1,0,-1
2802,33,6,7,1,0,-1
2803,33,6,8,0,0,-1
2804,33,6,9,1,3,1
2805,34,6,1,1,3,-1
2806,34,6,2,1,0,-1
2807,34,6,3,1,0,-1
2808,34,6,4,1,0,-1
2809,34,6,5,1,0,-1
2810,34,6,6,1,0,-1
2811,34,6,7,0,0,-1
2812,34,6,8,0,0,-1
2813,34,6,9,0,0,-1
2814,34,6,10,0,0,-1
2815,34,6,11,0,0,-1
2816,34,6,12,0,0,-1
2817,34,6,13,0,0,-1
2818,34,6,14,1,0,-1
2819,34,6,15,1,3,-1
2820,34,6,16,1,0,-1
2821,34,6,17,1,0,-1
2822,34,6,18,1,0,1
2823,35,6,1,1,3,-1
2824,35,6,2,0,0,-1
2825,35,6,3,1,0,-1
2826,35,6,4,0,0,-1
2827,35,6,5,1,0,-1
2828,35,6,6,0,0,-1
2829,35,6,7,1,0,-1
2830,35,6,8,0,0,-1
2831,35,6,9,1,0,-1
2832,35,6,10,0,0,-1
2833,35,6,11,1,0,-1
2834,35,6,12,0,0,-1
2835,35,6,13,1,3,-1
2836,35,6,14,0,0,-1
2837,35,6,15,1,3,1
2838,36,6,1,0,0,-1
2839,36,6,2,1,0,-1
2840,36,6,3,0,0,-1
2841,36,6,4,0,0,-1
2842,36,6,5,1,0,-1
2843,36,6,6,1,0,-1
2844,36,6,7,0,32,-1
2845,36,6,8,1,0,-1
2846,36,6,9,0,0,-1
2847,36,6,10,1,3,-1
2848,36,6,11,0,0,-1
2849,36,6,12,1,0,-1
2850,36,6,13,0,0,-1
2851,36,6,14,1,0,-1
2852,36,6,15,0,0,-1
2853,36,6,16,1,0,-1
2854,36,6,17,1,0,-1
2855,36,6,18,0,0,-1
2856,36,6,19,1,0,-1
2857,36,6,20,0,0,-1
2858,36,6,21,1,3,-1
2859,36,6,22,0,0,-1
2860,36,6,23,0,0,-1
2861,36,6,24,1,3,-1
2862,36,6,25,0,0,-1
2863,36,6,26,1,0,-1
2864,36,6,27,1,0,-1
2865,36,6,28,0,0,-1
2866,36,6,29,1,0,-1
2867,36,6,30,1,0,-1
2868,36,6,31,0,0,-1
2869,36,6,32,1,3,-1
2870,36,6,33,0,0,-1
2871,36,6,34,1,0,-1
2872,36,6,35,0,0,-1
2873,36,6,36,1,0,-1
2874,36,6,37,1,0,-1
2875,36,6,38,0,0,-1
2876,36,6,39,1,0,-1
2877,36,6,40,1,0,-1
2878,36,6,41,0,0,-1
2879,36,6,42,1,0,-1
2880,36,6,43,0,0,-1
2881,36,6,44,1,0,-1
2882,36,6,45,0,0,-1
2883,36,6,46,1,0,-1
2884,36,6,47,0,0,-1
2885,36,6,48,1,0,-1
2886,36,6,49,0,0,-1
2887,36,6,50,1,0,-1
2888,36,6,51,0,0,-1
2889,36,6,52,1,3,-1
2890,36,6,53,0,0,1
2891,37,6,1,0,0,-1
2892,37,6,2,0,0,-1
2893,37,6,3,0,0,-1
2894,37,6,4,0,0,-1
2895,37,6,5,0,0,-1
2896,37,6,6,0,0,-1
2897,37,6,7,1,0,-1
2898,37,6,8,1,3,1
2899,38,6,1,1,0,-1
2900,38,6,2,1,3,-1
2901,38,6,3,1,0,-1
2902,38,6,4,1,0,-1
2903,38,6,5,1,0,-1
2904,38,6,6,1,0,-1
2905,38,6,7,1,3,-1
2906,38,6,8,1,3,-1
2907,38,6,9,1,0,-1
2908,38,6,10,1,0,-1
2909,38,6,11,1,0,-1
2910,38,6,12,1,0,-1
2911,38,6,13,1,0,-1
2912,38,6,14,1,0,-1
2913,38,6,15,1,0,-1
2914,38,6,16,1,0,-1
2915,38,6,17,1,3,-1
2916,38,6,18,0,0,-1
2917,38,6,19,0,0,-1
2918,38,6,20,0,0,-1
2919,38,6,21,0,0,-1
2920,38,6,22,0,0,-1
2921,38,6,23,0,0,-1
2922,38,6,24,0,0,-1
2923,38,6,25,0,0,-1
2924,38,6,26,0,0,-1
2925,38,6,27,0,0,-1
2926,38,6,28,0,0,-1
2927,38,6,29,0,0,-1
2928,38,6,30,0,32,-1
2929,38,6,31,0,0,-1
2930,38,6,32,0,0,-1
2931,38,6,33,0,0,-1
2932,38,6,34,0,0,-1
2933,38,6,35,0,0,-1
2934,38,6,36,0,0,-1
2935,38,6,37,0,0,-1
2936,38,6,38,0,0,-1
2937,38,6,39,0,0,-1
2938,38,6,40,0,0,-1
2939,38,6,41,0,0,1
2940,39,6,1,1,0,-1
2941,39,6,2,1,0,-1
2942,39,6,3,1,0,-1
2943,39,6,4,1,0,-1
2944,39,6,5,1,0,-1
2945,39,6,6,0,0,-1
2946,39,6,7,0,0,-1
2947,39,6,8,0,0,-1
2948,39,6,9,0,0,-1
2949,39,6,10,0,0,-1
2950,39,6,11,0,0,-1
2951,39,6,12,1,0,-1
2952,39,6,13,1,0,-1
2953,39,6,14,1,0,-1
2954,39,6,15,0,0,-1
2955,39,6,16,0,0,1
2956,40,6,1,1,0,-1
2957,40,6,2,1,0,-1
2958,40,6,3,1,0,-1
2959,40,6,4,1,3,-1
2960,40,6,5,1,3,-1
2961,40,6,6,1,3,-1
2962,40,6,7,1,3,-1
2963,40,6,8,1,0,-1
2964,40,6,9,1,0,-1
2965,40,6,10,0,0,-1
2966,40,6,11,0,0,-1
2967,40,6,12,0,0,-1
2968,40,6,13,0,0,-1
2969,40,6,14,0,0,-1
2970,40,6,15,0,0,-1
2971,40,6,16,0,0,1
2972,41,6,1,0,0,-1
2973,41,6,2,0,0,-1
2974,41,6,3,0,0,-1
2975,41,6,4,0,0,-1
2976,41,6,5,1,0,-1
2977,41,6,6,1,0,-1
2978,41,6,7,1,0,-1
2979,41,6,8,1,3,-1
2980,41,6,9,0,0,-1
2981,41,6,10,0,0,-1
2982,41,6,11,0,0,-1
2983,41,6,12,0,0,-1
2984,41,6,13,1,0,-1
2985,41,6,14,1,0,-1
2986,41,6,15,1,0,-1
2987,41,6,16,1,0,-1
2988,41,6,17,1,0,-1
2989,41,6,18,1,0,-1
2990,41,6,19,1,0,-1
2991,41,6,20,1,0,-1
2992,41,6,21,1,0,-1
2993,41,6,22,1,0,-1
2994,41,6,23,1,0,-1
2995,41,6,24,0,0,-1
2996,41,6,25,0,0,-1
2997,41,6,26,0,0,-1
2998,41,6,27,0,0,-1
2999,41,6,28,1,0,-1
3000,41,6,29,1,0,-1
3001,41,6,30,1,0,-1
3002,41,6,31,1,3,1
3003,42,6,1,1,0,-1
3004,42,6,2,1,3,-1
3005,42,6,3,1,0,-1
3006,42,6,4,1,0,-1
3007,42,6,5,1,0,-1
3008,42,6,6,1,0,-1
3009,42,6,7,1,0,-1
3010,42,6,8,1,0,-1
3011,42,6,9,0,0,-1
3012,42,6,10,0,0,-1
3013,42,6,11,0,0,-1
3014,42,6,12,0,0,-1
3015,42,6,13,0,0,-1
3016,42,6,14,0,0,-1
3017,42,6,15,0,0,-1
3018,42,6,16,0,0,-1
3019,42,6,17,0,0,1
3020,43,6,1,0,0,-1
3021,43,6,2,0,0,-1
3022,43,6,3,0,0,-1
3023,43,6,4,0,32,-1
3024,43,6,5,0,0,-1
3025,43,6,6,0,0,-1
3026,43,6,7,1,0,-1
3027,43,6,8,1,0,0
3028,44,6,1,1,0,-1
3029,44,6,2,0,0,0
3030,45,6,1,0,0,-1
3031,45,6,2,0,0,-1
3032,45,6,3,0,0,-1
3033,45,6,4,0,0,-1
3034,45,6,5,0,0,-1
3035,45,6,6,0,0,-1
3036,45,6,7,1,0,-1
3037,45,6,8,1,0,-1
3038,45,6,9,1,3,-1
3039,45,6,10,1,0,-1
3040,45,6,11,1,0,-1
3041,45,6,12,1,0,-1
3042,45,6,13,1,0,-1
3043,45,6,14,1,3,-1
3044,45,6,15,1,0,-1
3045,45,6,16,1,3,-1
3046,45,6,17,1,0,-1
3047,45,6,18,1,0,-1
3048,45,6,19,1,3,-1
3049,45,6,20,1,0,-1
3050,45,6,21,0,0,-1
3051,45,6,22,0,0,-1
3052,45,6,23,0,0,-1
3053,45,6,24,1,3,-1
3054,45,6,25,1,0,-1
3055,45,6,26,1,0,-1
3056,45,6,27,0,0,-1
3057,45,6,28,0,0,-1
3058,45,6,29,1,0,-1
3059,45,6,30,1,0,-1
3060,45,6,31,1,3,1
3061,46,6,1,1,0,-1
3062,46,6,2,0,0,-1
3063,46,6,3,0,0,1
3064,47,6,1,1,3,-1
3065,47,6,2,0,0,-1
3066,47,6,3,1,0,-1
3067,47,6,4,0,0,-1
3068,47,6,5,1,0,-1
3069,47,6,6,0,0,-1
3070,47,6,7,1,0,-1
3071,47,6,8,0,0,-1
3072,47,6,9,1,0,-1
3073,47,6,10,0,0,-1
3074,47,6,11,1,3,1
3075,48,6,1,0,32,-1
3076,48,6,2,0,0,-1
3077,48,6,3,0,0,-1
3078,48,6,4,0,0,-1
3079,48,6,5,0,0,-1
3080,48,6,6,0,0,-1
3081,48,6,7,0,0,-1
3082,48,6,8,0,0,-1
3083,48,6,9,1,3,-1
3084,48,6,10,1,0,-1
3085,48,6,11,1,3,-1
3086,48,6,12,1,3,-1
3087,48,6,13,1,0,-1
3088,48,6,14,1,0,-1
3089,48,6,15,1,0,-1
3090,48,6,16,1,3,-1
3091,48,6,17,0,0,1
3092,49,6,1,0,0,-1
3093,49,6,2,0,0,-1
3094,49,6,3,0,0,-1
3095,49,6,4,0,0,-1
3096,49,6,5,0,0,-1
3097,49,6,6,1,0,-1
3098,49,6,7,1,3,-1
3099,49,6,8,1,0,-1
3100,49,6,9,1,0,-1
3101,49,6,10,1,0,-1
3102,49,6,11,1,0,-1
3103,49,6,12,1,0,-1
3104,49,6,13,1,0,-1
3105,49,6,14,0,0,-1
3106,49,6,15,0,0,-1
3107,49,6,16,0,0,-1
3108,49,6,17,0,0,-1
3109,49,6,18,0,0,-1
3110,49,6,19,0,0,-1
3111,49,6,20,0,0,1
3112,50,6,1,1,0,-1
3113,50,6,2,1,0,-1
3114,50,6,3,1,3,-1
3115,50,6,4,0,0,-1
3116,50,6,5,1,0,-1
3117,50,6,6,1,3,-1
3118,50,6,7,1,0,-1
3119,50,6,8,1,3,-1
3120,50,6,9,0,0,-1
3121,50,6,10,0,0,-1
3122,50,6,11,0,0,-1
3123,50,6,12,0,0,-1
3124,50,6,13,1,3,-1
3125,50,6,14,1,0,-1
3126,50,6,15,1,0,-1
3127,50,6,16,1,3,-1
3128,50,6,17,1,0,-1
3129,50,6,18,1,0,-1
3130,50,6,19,1,0,-1
3131,50,6,20,1,0,-1
3132,50,6,21,1,0,-1
3133,50,6,22,1,0,-1
3134,50,6,23,1,0,-1
3135,50,6,24,0,0,-1
3136,50,6,25,0,0,1
